transaction_id,customer_id,transaction_date,period,days_from_launch,post_flag,ramp_flag,campaign_flag,country,device_type,customer_tenure,risk_tier,transaction_value_usd,verification_completed,verification_time_seconds,manual_review,payment_declined,support_contact,fraud_confirmed
TXN0048397,CUST008929,2026-04-29,Post,28,1,0,0,BR,Mobile,Existing,Low,72.02,1,11.24,0,1,0,0
TXN0014460,CUST000769,2026-02-27,Pre,-33,0,0,0,US,Desktop,New,Medium,23.09,1,113.21,0,0,0,0
TXN0051846,CUST006438,2026-05-05,Post,34,1,0,1,US,Mobile,New,Medium,89.43,0,30.3,0,0,0,0
TXN0047156,CUST002333,2026-04-27,Post,26,1,0,0,MX,Mobile,New,Medium,73.27,1,34.12,0,0,0,0
TXN0053973,CUST009241,2026-05-07,Post,36,1,0,1,US,Desktop,New,High,29.95,1,96.39,1,0,0,0
TXN0011066,CUST012996,2026-02-21,Pre,-39,0,0,0,US,Mobile,Existing,Low,89.35,1,88.55,0,0,0,0
TXN0029465,CUST020499,2026-03-27,Pre,-5,0,0,0,US,Desktop,New,Low,52.12,1,25.88,0,0,0,0
TXN0049547,CUST015557,2026-05-01,Post,30,1,0,0,US,Mobile,Existing,Medium,135.17,0,100.18,0,0,1,0
TXN0066153,CUST017812,2026-05-27,Post,56,1,0,0,US,Mobile,New,Low,139.3,1,89.38,0,1,0,0
TXN0044825,CUST016578,2026-04-23,Post,22,1,0,0,MX,Desktop,Existing,Low,37.82,0,67.97,0,0,0,0
TXN0041273,CUST004711,2026-04-17,Post,16,1,0,0,CR,Mobile,New,Low,29.56,1,123.18,1,0,0,0
TXN0064593,CUST022845,2026-05-24,Post,53,1,0,0,CR,Desktop,New,Low,27.01,1,41.84,0,0,0,0
TXN0025456,CUST020247,2026-03-20,Pre,-12,0,0,0,US,Desktop,Existing,Low,79.69,1,148.11,0,0,0,0
TXN0003789,CUST008258,2026-02-08,Pre,-52,0,0,0,us,Desktop,Existing,Low,88.14,1,114.86,0,0,0,0
TXN0014036,CUST002496,2026-02-27,Pre,-33,0,0,0,MX,Mobile,Existing,Low,41.73,0,69.14,0,0,0,0
TXN0031674,CUST015929,2026-03-31,Pre,-1,0,0,0,BR,Mobile,Existing,Low,46.29,0,158.62,1,0,0,0
TXN0006428,CUST012270,2026-02-12,Pre,-48,0,0,0,US,Mobile,Existing,High,33.35,1,124.24,1,0,0,0
TXN0039424,CUST018936,2026-04-14,Post,13,1,0,0,BR,Mobile,Existing,Low,310.97,1,54.38,1,0,0,0
TXN0031812,CUST023783,2026-03-31,Pre,-1,0,0,0,MX,Mobile,New,Low,301.87,1,144.16,1,0,0,0
TXN0023205,CUST016708,2026-03-16,Pre,-16,0,0,0,BR,Mobile,Existing,Medium,71.24,1,84.21,0,0,0,0
TXN0010188,CUST013018,2026-02-19,Pre,-41,0,0,0,US,Desktop,Existing,High,73.22,1,166.59,1,0,0,0
TXN0005473,CUST004468,2026-02-11,Pre,-49,0,0,0,BR,Mobile,Existing,Medium,154.5,1,95.09,0,0,0,0
TXN0057297,CUST023086,2026-05-12,Post,41,1,0,0,US,Desktop,Existing,Medium,57.69,1,139.66,0,0,0,0
TXN0033591,CUST004299,2026-04-03,Post,2,1,1,0,US,Mobile,Existing,Medium,82.69,1,30.72,0,0,0,0
TXN0067922,CUST012811,2026-05-30,Post,59,1,0,0,MX,Mobile,Existing,Low,197.52,0,61.13,0,1,0,0
TXN0046691,CUST006298,2026-04-26,Post,25,1,0,0,US,Mobile,New,Low,5.0,1,164.28,0,1,0,0
TXN0042708,CUST024121,2026-04-19,Post,18,1,0,0,US,Mobile,New,Low,13.49,1,35.24,0,0,0,0
TXN0065591,CUST010825,2026-05-26,Post,55,1,0,0,US,Mobile,Existing,Low,113.52,1,50.03,0,0,0,0
TXN0026271,CUST023612,2026-03-21,Pre,-11,0,0,0,CR,Desktop,Existing,Low,11.61,1,81.84,0,0,0,0
TXN0040480,CUST021254,2026-04-15,Post,14,1,0,0,MX,Desktop,New,High,111.76,1,61.46,0,1,0,0
TXN0050945,CUST004656,2026-05-03,Post,32,1,0,0,CR,Desktop,Existing,Medium,43.04,1,196.35,1,0,1,0
TXN0039698,CUST022478,2026-04-14,Post,13,1,0,0,CR,Desktop,Existing,Low,12.14,1,37.46,0,0,0,0
TXN0028133,CUST011450,2026-03-25,Pre,-7,0,0,0,US,Desktop,New,Medium,26.62,1,109.47,0,0,0,0
TXN0026290,CUST004430,2026-03-21,Pre,-11,0,0,0,MX,Desktop,Existing,Low,23.87,1,384.64,1,0,0,0
TXN0046940,CUST024024,2026-04-27,Post,26,1,0,0,US,Desktop,Existing,Low,20.97,1,31.37,0,0,0,0
TXN0022504,CUST014173,2026-03-14,Pre,-18,0,0,0,CR,Mobile,Existing,Low,69.39,1,47.46,1,0,0,0
TXN0021379,CUST025333,2026-03-12,Pre,-20,0,0,0,US,Mobile,Existing,Low,100.22,1,199.66,0,0,0,0
TXN0050194,CUST023556,2026-05-02,Post,31,1,0,0,US,Mobile,Existing,Medium,139.84,1,60.55,0,0,0,0
TXN0064151,CUST003188,2026-05-24,Post,53,1,0,0,US,Mobile,New,Low,45.83,1,58.01,0,0,1,1
TXN0021249,CUST021965,2026-03-12,Pre,-20,0,0,0,BR,Desktop,New,Low,57.37,0,87.64,0,0,0,0
TXN0005809,CUST000710,2026-02-11,Pre,-49,0,0,0,US,Desktop,Existing,Medium,161.22,0,169.06,0,0,0,0
TXN0020312,CUST011067,2026-03-10,Pre,-22,0,0,0,US,Desktop,New,Low,144.2,1,52.49,0,0,0,0
TXN0032685,CUST018795,2026-04-02,Post,1,1,1,0,MX,Mobile,Existing,Medium,63.46,1,138.47,1,0,0,0
TXN0007040,CUST012553,2026-02-13,Pre,-47,0,0,0,US,Desktop,Existing,Low,252.77,1,99.32,1,0,0,0
TXN0000406,CUST005968,2026-02-02,Pre,-58,0,0,0,BR,Desktop,New,Medium,25.17,1,44.11,0,0,0,0
TXN0058028,CUST005570,2026-05-13,Post,42,1,0,0,BR,Desktop,New,Low,83.29,1,56.85,0,0,0,0
TXN0061114,CUST023036,2026-05-19,Post,48,1,0,0,CR,Mobile,New,Low,14.61,1,96.86,1,0,1,0
TXN0016222,CUST016394,2026-03-03,Pre,-29,0,0,0,US,Mobile,Existing,Medium,13.6,1,46.45,0,0,0,0
TXN0045931,CUST022089,2026-04-25,Post,24,1,0,0,MX,Mobile,Existing,Medium,164.23,1,131.08,0,0,0,0
TXN0067899,CUST009231,2026-05-30,Post,59,1,0,0,MX,Mobile,New,High,112.69,1,242.23,0,0,0,0
TXN0062022,CUST023402,2026-05-20,Post,49,1,0,0,US,Desktop,Existing,Low,40.6,1,87.04,0,0,0,0
TXN0062411,CUST021149,2026-05-21,Post,50,1,0,0,CR,Mobile,Existing,Low,175.24,0,68.4,1,0,0,0
TXN0060902,CUST022004,2026-05-18,Post,47,1,0,0,CR,Desktop,New,Low,98.7,1,110.96,0,0,0,0
TXN0000194,CUST009453,2026-02-01,Pre,-59,0,0,0,MX,Desktop,New,High,89.96,0,202.78,0,0,0,0
TXN0051322,CUST006136,2026-05-04,Post,33,1,0,1,US,Desktop,Existing,High,82.0,1,45.06,0,0,0,0
TXN0021846,CUST017298,2026-03-13,Pre,-19,0,0,0,US,Mobile,New,Low,55.51,1,123.34,1,0,0,0
TXN0009894,CUST019007,2026-02-19,Pre,-41,0,0,0,US,Mobile,Existing,High,12.67,0,163.12,1,0,0,0
TXN0055478,CUST022821,2026-05-09,Post,38,1,0,1,BR,Mobile,New,Medium,20.72,1,27.65,0,0,0,0
TXN0052031,CUST021501,2026-05-05,Post,34,1,0,1,BR,Desktop,Existing,Medium,60.82,1,23.42,0,0,0,0
TXN0049805,CUST021650,2026-05-01,Post,30,1,0,0,MX,Desktop,Existing,High,234.96,1,55.63,0,1,0,0
TXN0001440,CUST023699,2026-02-03,Pre,-57,0,0,0,US,Mobile,Existing,Low,134.87,1,108.86,1,0,0,0
TXN0000645,CUST004327,2026-02-02,Pre,-58,0,0,0,US,Mobile,Existing,High,30.43,0,111.19,0,0,0,0
TXN0008288,CUST016012,2026-02-16,Pre,-44,0,0,0,US,Mobile,Existing,High,56.13,1,281.68,1,0,0,0
TXN0067814,CUST002829,2026-05-30,Post,59,1,0,0,US,Desktop,Existing,Medium,18.23,1,99.93,0,0,0,0
TXN0005673,CUST022640,2026-02-11,Pre,-49,0,0,0,MX,Desktop,Existing,High,81.72,1,397.44,1,0,0,0
TXN0056879,CUST006810,2026-05-11,Post,40,1,0,0,BR,Mobile,Existing,Low,540.82,0,50.43,0,0,0,0
TXN0005143,CUST011598,2026-02-10,Pre,-50,0,0,0,US,Mobile,New,Low,109.03,1,59.81,0,0,0,0
TXN0003047,CUST010980,2026-02-06,Pre,-54,0,0,0,BR,Mobile,New,High,13.71,1,152.11,0,0,0,0
TXN0014115,CUST019991,2026-02-27,Pre,-33,0,0,0,BR,Desktop,Existing,High,39.41,0,70.29,1,1,0,0
TXN0033572,CUST013036,2026-04-03,Post,2,1,1,0,US,Mobile,Existing,Medium,29.82,1,61.46,0,0,0,0
TXN0032644,CUST003131,2026-04-02,Post,1,1,1,0,MX,Mobile,Existing,Low,19.6,1,21.92,0,0,0,0
TXN0028998,CUST003788,2026-03-26,Pre,-6,0,0,0,CR,Desktop,Existing,Low,91.28,1,67.68,0,0,0,0
TXN0005041,CUST004512,2026-02-10,Pre,-50,0,0,0,US,Desktop,Existing,Medium,251.12,1,115.27,1,0,0,0
TXN0059175,CUST017090,2026-05-15,Post,44,1,0,0,US,Mobile,Existing,Medium,427.2,1,103.56,1,0,0,0
TXN0036426,CUST017832,2026-04-08,Post,7,1,0,0,MX,Mobile,New,Low,37.59,1,52.32,0,0,0,0
TXN0041109,CUST003019,2026-04-16,Post,15,1,0,0,BR,Desktop,Existing,Low,121.42,1,91.19,0,0,0,0
TXN0029413,CUST004836,2026-03-27,Pre,-5,0,0,0,BR,Mobile,Existing,Medium,42.88,1,138.88,0,0,0,0
TXN0007131,CUST021888,2026-02-14,Pre,-46,0,0,0,US,Mobile,Existing,High,67.79,1,102.86,0,0,0,0
TXN0051369,CUST019719,2026-05-04,Post,33,1,0,1,US,Mobile,New,High,378.83,1,101.15,1,1,0,0
TXN0038814,CUST002048,2026-04-13,Post,12,1,0,0,BR,Mobile,New,Low,210.58,1,100.48,0,0,0,0
TXN0021950,CUST007306,2026-03-13,Pre,-19,0,0,0,CR,Mobile,Existing,Medium,51.47,0,124.36,0,0,0,0
TXN0030821,CUST023071,2026-03-30,Pre,-2,0,0,0,US,Desktop,New,Low,51.78,1,71.3,0,0,0,0
TXN0052846,CUST021012,2026-05-06,Post,35,1,0,1,US,Desktop,Existing,Low,174.73,1,30.67,0,0,0,0
TXN0048427,CUST023712,2026-04-29,Post,28,1,0,0,US,Mobile,New,High,99.44,1,55.27,0,1,0,0
TXN0051600,CUST005291,2026-05-04,Post,33,1,0,1,US,Mobile,New,Medium,227.13,1,115.02,1,0,0,0
TXN0049441,CUST005981,2026-05-01,Post,30,1,0,0,MX,Mobile,New,Low,76.37,1,29.98,0,0,0,0
TXN0005727,CUST022450,2026-02-11,Pre,-49,0,0,0,CR,Mobile,New,Medium,101.51,1,53.61,0,0,0,0
TXN0059639,CUST013283,2026-05-16,Post,45,1,0,0,US,Mobile,Existing,Low,191.84,1,58.05,0,0,0,0
TXN0013860,CUST014288,2026-02-26,Pre,-34,0,0,0,US,Desktop,Existing,Medium,68.9,1,145.43,0,0,0,0
TXN0062099,CUST000588,2026-05-20,Post,49,1,0,0,CR,Mobile,New,Low,63.1,1,27.62,0,0,0,0
TXN0066214,CUST000289,2026-05-27,Post,56,1,0,0,US,Mobile,New,Medium,48.85,1,116.89,1,0,0,0
TXN0027399,CUST015971,2026-03-23,Pre,-9,0,0,0,CR,Mobile,Existing,Medium,250.68,1,198.1,1,0,1,0
TXN0024050,CUST004207,2026-03-17,Pre,-15,0,0,0,BR,Mobile,Existing,Low,38.65,1,83.71,0,0,1,0
TXN0057971,CUST001584,2026-05-13,Post,42,1,0,0,BR,Mobile,Existing,Low,159.41,1,35.78,0,0,0,0
TXN0025547,CUST005575,2026-03-20,Pre,-12,0,0,0,US,Mobile,New,High,47.03,1,150.53,1,0,0,0
TXN0024103,CUST005293,2026-03-17,Pre,-15,0,0,0,BR,Mobile,Existing,Low,38.38,1,262.7,0,0,0,0
TXN0030863,CUST000205,2026-03-30,Pre,-2,0,0,0,MX,Mobile,New,Low,409.53,1,41.83,0,0,0,0
TXN0001029,CUST009136,2026-02-03,Pre,-57,0,0,0,US,Desktop,New,High,102.43,1,100.87,0,0,0,0
TXN0060339,CUST022686,2026-05-17,Post,46,1,0,0,MX,Mobile,Existing,Medium,63.79,1,56.43,0,0,0,0
TXN0050684,CUST024675,2026-05-03,Post,32,1,0,0,MX,Mobile,New,Medium,12.45,1,34.38,0,0,0,0
TXN0048852,CUST003733,2026-04-30,Post,29,1,0,0,US,Mobile,Existing,Medium,33.43,1,96.39,0,0,0,0
TXN0014375,CUST009200,2026-02-27,Pre,-33,0,0,0,CR,Mobile,Existing,Low,145.53,1,173.63,1,1,0,0
TXN0015944,CUST012127,2026-03-02,Pre,-30,0,0,0,BR,Desktop,New,High,151.07,1,123.26,1,0,0,0
TXN0028159,CUST002579,2026-03-25,Pre,-7,0,0,0,US,Mobile,Existing,Low,64.29,1,65.6,0,0,0,0
TXN0065571,CUST019250,2026-05-26,Post,55,1,0,0,CR,Mobile,Existing,Low,16.35,1,46.09,0,0,0,0
TXN0010816,CUST004038,2026-02-21,Pre,-39,0,0,0,BR,Mobile,New,Low,59.29,1,156.78,0,0,0,0
TXN0003532,CUST022772,2026-02-07,Pre,-53,0,0,0,MX,Mobile,New,Low,233.13,1,81.08,0,0,0,0
TXN0045399,CUST000048,2026-04-24,Post,23,1,0,0,US,Desktop,Existing,Medium,14.56,1,101.35,1,0,1,0
TXN0029077,CUST021079,2026-03-26,Pre,-6,0,0,0,BR,Mobile,New,Low,83.98,1,173.36,1,0,0,0
TXN0042229,CUST014399,2026-04-18,Post,17,1,0,0,MX,Desktop,Existing,High,67.26,1,80.35,0,0,0,0
TXN0027108,CUST007281,2026-03-23,Pre,-9,0,0,0,US,Desktop,Existing,Medium,76.04,0,199.29,1,0,0,0
TXN0025764,CUST003027,2026-03-20,Pre,-12,0,0,0,US,Mobile,New,Low,99.89,1,90.02,0,0,0,0
TXN0019847,CUST005943,2026-03-10,Pre,-22,0,0,0,BR,Desktop,Existing,Low,392.21,1,130.92,1,0,1,0
TXN0029102,CUST011136,2026-03-26,Pre,-6,0,0,0,BR,Mobile,New,Medium,206.57,1,82.24,0,0,0,0
TXN0031390,CUST001546,2026-03-31,Pre,-1,0,0,0,CR,Mobile,Existing,Low,184.41,1,97.28,0,0,0,0
TXN0053467,CUST013576,2026-05-07,Post,36,1,0,1,CR,Desktop,New,Low,62.26,1,19.41,0,0,0,0
TXN0052123,CUST003849,2026-05-05,Post,34,1,0,1,US,Desktop,Existing,Low,48.01,1,47.93,0,0,0,0
TXN0061400,CUST007792,2026-05-19,Post,48,1,0,0,br,Desktop,New,Low,57.9,1,38.85,0,0,0,0
TXN0020776,CUST006491,2026-03-11,Pre,-21,0,0,0,MX,Desktop,Existing,Low,74.84,1,30.63,0,0,0,0
TXN0029202,CUST025338,2026-03-26,Pre,-6,0,0,0,BR,Mobile,Existing,Medium,81.12,0,55.72,0,0,0,0
TXN0065181,CUST025285,2026-05-25,Post,54,1,0,0,CR,Mobile,New,Low,92.13,1,37.24,0,0,0,0
TXN0000475,CUST005657,2026-02-02,Pre,-58,0,0,0,MX,Desktop,Existing,Low,80.94,1,66.09,0,0,0,0
TXN0044689,CUST008220,2026-04-23,Post,22,1,0,0,US,Mobile,Existing,Low,45.23,1,108.37,0,0,0,0
TXN0064442,CUST002499,2026-05-24,Post,53,1,0,0,MX,Mobile,Existing,Medium,132.11,1,45.56,0,0,0,0
TXN0049675,CUST020274,2026-05-01,Post,30,1,0,0,US,Mobile,Existing,Low,66.38,1,44.54,0,0,1,0
TXN0037950,CUST021384,2026-04-11,Post,10,1,0,0,MX,Mobile,Existing,Medium,390.71,1,155.49,0,1,0,0
TXN0052463,CUST019898,2026-05-05,Post,34,1,0,1,US,Desktop,Existing,Low,57.53,1,18.93,0,0,1,0
TXN0019404,CUST004047,2026-03-09,Pre,-23,0,0,0,US,Mobile,New,Low,76.71,1,130.66,0,0,0,0
TXN0012308,CUST009101,2026-02-24,Pre,-36,0,0,0,BR,Mobile,Existing,Low,48.2,1,48.87,0,0,0,0
TXN0007613,CUST013746,2026-02-15,Pre,-45,0,0,0,CR,Desktop,Existing,Low,45.23,1,66.03,0,0,0,0
TXN0063412,CUST005002,2026-05-22,Post,51,1,0,0,US,Desktop,Existing,Medium,87.88,1,76.95,0,0,0,0
TXN0021641,CUST017222,2026-03-13,Pre,-19,0,0,0,MX,Mobile,Existing,Low,194.92,1,122.52,0,0,0,0
TXN0018099,CUST016186,2026-03-06,Pre,-26,0,0,0,US,Mobile,New,Low,62.59,1,206.72,1,0,0,0
TXN0047026,CUST025714,2026-04-27,Post,26,1,0,0,MX,Desktop,New,Low,50.33,1,28.25,0,0,0,0
TXN0052769,CUST022118,2026-05-06,Post,35,1,0,1,US,Mobile,New,Low,117.59,1,24.04,0,0,1,0
TXN0064326,CUST007583,2026-05-24,Post,53,1,0,0,MX,Mobile,New,Medium,106.36,1,64.69,0,0,0,0
TXN0050289,CUST000898,2026-05-02,Post,31,1,0,0,US,Mobile,Existing,Medium,30.16,1,71.59,0,1,0,0
TXN0010268,CUST008227,2026-02-20,Pre,-40,0,0,0,BR,Desktop,New,Medium,167.51,0,43.75,0,0,0,0
TXN0019824,CUST012983,2026-03-10,Pre,-22,0,0,0,CR,Desktop,New,Medium,20.22,1,62.46,0,0,0,0
TXN0052497,CUST010988,2026-05-05,Post,34,1,0,1,MX,Mobile,New,High,22.05,1,298.61,1,0,0,0
TXN0023780,CUST011566,2026-03-17,Pre,-15,0,0,0,US,Desktop,Existing,Low,82.33,1,110.87,0,0,0,0
TXN0068197,CUST014173,2026-05-30,Post,59,1,0,0,MX,Mobile,New,High,139.59,1,73.5,0,0,0,0
TXN0049736,CUST013090,2026-05-01,Post,30,1,0,0,CR,Mobile,Existing,Medium,51.27,1,91.93,1,0,0,0
TXN0038220,CUST018401,2026-04-12,Post,11,1,0,0,MX,Mobile,Existing,Medium,99.06,1,138.65,1,1,0,0
TXN0033701,CUST005362,2026-04-03,Post,2,1,1,0,US,Desktop,Existing,Medium,290.89,1,54.83,0,0,0,0
TXN0052175,CUST002391,2026-05-05,Post,34,1,0,1,US,Mobile,New,Medium,83.27,0,40.7,0,0,0,0
TXN0049744,CUST023844,2026-05-01,Post,30,1,0,0,BR,Mobile,Existing,Low,165.17,1,40.49,0,0,0,0
TXN0038619,CUST006893,2026-04-12,Post,11,1,0,0,us,Mobile,New,Low,57.92,1,94.97,0,0,0,0
TXN0035143,CUST016332,2026-04-06,Post,5,1,1,0,BR,Mobile,Existing,High,19.21,1,248.86,1,0,1,0
TXN0057265,CUST022169,2026-05-12,Post,41,1,0,0,US,Mobile,New,Low,171.92,1,60.44,0,0,0,0
TXN0004188,CUST018647,2026-02-08,Pre,-52,0,0,0,MX,Desktop,New,Low,245.23,1,50.19,0,0,0,0
TXN0023403,CUST001811,2026-03-16,Pre,-16,0,0,0,MX,Mobile,New,Medium,38.8,1,48.62,0,0,0,0
TXN0035523,CUST015923,2026-04-07,Post,6,1,1,0,US,Mobile,New,Low,152.63,1,52.54,0,0,0,0
TXN0059752,CUST020914,2026-05-16,Post,45,1,0,0,BR,Mobile,New,High,76.65,1,73.43,0,0,0,0
TXN0060957,CUST023053,2026-05-18,Post,47,1,0,0,US,Mobile,Existing,Medium,61.03,1,40.49,1,0,0,0
TXN0012734,CUST000065,2026-02-24,Pre,-36,0,0,0,BR,Mobile,Existing,Medium,292.51,0,19.33,0,0,0,0
TXN0066886,CUST021247,2026-05-28,Post,57,1,0,0,CR,Mobile,New,Medium,69.98,1,50.51,0,0,0,0
TXN0047613,CUST011674,2026-04-28,Post,27,1,0,0,BR,Mobile,Existing,Low,139.52,1,76.51,0,0,0,0
TXN0029241,CUST018159,2026-03-27,Pre,-5,0,0,0,US,Mobile,New,Low,276.27,1,108.77,0,0,0,0
TXN0009456,CUST021385,2026-02-18,Pre,-42,0,0,0,US,Desktop,Existing,High,110.36,1,140.9,0,0,0,0
TXN0067088,CUST018485,2026-05-28,Post,57,1,0,0,MX,Mobile,Existing,Low,92.64,1,60.62,0,0,0,0
TXN0004651,CUST022662,2026-02-09,Pre,-51,0,0,0,BR,Desktop,Existing,Low,77.42,1,120.86,0,0,0,0
TXN0041217,CUST018647,2026-04-17,Post,16,1,0,0,US,Mobile,Existing,High,94.66,1,179.26,1,0,0,0
TXN0065028,CUST009086,2026-05-25,Post,54,1,0,0,US,Desktop,New,Low,209.22,1,94.11,0,0,0,0
TXN0045584,CUST013384,2026-04-24,Post,23,1,0,0,CR,Desktop,Existing,Medium,169.47,0,34.98,0,0,0,0
TXN0023439,CUST001390,2026-03-16,Pre,-16,0,0,0,CR,Desktop,Existing,Low,61.08,1,45.7,0,0,0,0
TXN0040610,CUST016947,2026-04-16,Post,15,1,0,0,BR,Desktop,Existing,Medium,68.49,1,207.0,0,0,0,0
TXN0002791,CUST020813,2026-02-06,Pre,-54,0,0,0,US,Mobile,Existing,Low,154.49,0,44.94,1,0,0,0
TXN0009793,CUST011593,2026-02-19,Pre,-41,0,0,0,BR,Mobile,New,Low,56.59,0,123.91,0,0,0,0
TXN0043111,CUST013985,2026-04-20,Post,19,1,0,0,US,Desktop,New,Low,34.47,1,85.21,0,0,0,0
TXN0038656,CUST015375,2026-04-12,Post,11,1,0,0,US,Mobile,Existing,Low,147.08,1,63.49,0,0,0,0
TXN0051524,CUST010875,2026-05-04,Post,33,1,0,1,MX,Desktop,Existing,Low,12.37,1,44.84,0,0,0,0
TXN0065710,CUST000143,2026-05-26,Post,55,1,0,0,US,Mobile,New,Medium,288.81,1,33.26,1,0,0,0
TXN0066995,CUST022612,2026-05-28,Post,57,1,0,0,US,Desktop,New,Low,87.7,1,78.46,1,0,0,0
TXN0019740,CUST002489,2026-03-09,Pre,-23,0,0,0,US,Desktop,New,Low,79.21,1,153.79,0,0,0,0
TXN0029002,CUST009972,2026-03-26,Pre,-6,0,0,0,US,Mobile,Existing,Low,70.48,1,126.21,0,0,0,0
TXN0001567,CUST013861,2026-02-03,Pre,-57,0,0,0,US,Mobile,Existing,Low,352.61,0,42.15,0,0,0,0
TXN0042596,CUST011158,2026-04-19,Post,18,1,0,0,US,Mobile,Existing,Low,149.93,1,47.39,1,0,0,0
TXN0033711,CUST008818,2026-04-03,Post,2,1,1,0,US,Desktop,Existing,Medium,37.93,0,311.89,1,0,0,0
TXN0063773,CUST000806,2026-05-23,Post,52,1,0,0,US,Mobile,New,Medium,166.31,1,24.26,0,0,0,0
TXN0044763,CUST002913,2026-04-23,Post,22,1,0,0,BR,Mobile,New,Low,48.74,1,50.9,0,0,0,0
TXN0020935,CUST009171,2026-03-11,Pre,-21,0,0,0,US,Desktop,Existing,Medium,80.42,0,185.94,1,0,0,0
TXN0037317,CUST016273,2026-04-10,Post,9,1,0,0,US,Mobile,New,Low,77.01,1,24.21,0,0,0,1
TXN0027829,CUST013862,2026-03-24,Pre,-8,0,0,0,MX,Mobile,New,Low,13.21,1,96.03,0,0,0,0
TXN0037950,CUST021384,2026-04-11,Post,10,1,0,0,MX,Mobile,Existing,Medium,390.71,1,155.49,0,1,0,0
TXN0011812,CUST019887,2026-02-23,Pre,-37,0,0,0,US,Desktop,New,Medium,15.23,1,147.6,1,0,1,0
TXN0040704,CUST022590,2026-04-16,Post,15,1,0,0,CR,Mobile,New,Medium,124.3,1,186.52,1,0,0,0
TXN0065323,CUST000333,2026-05-26,Post,55,1,0,0,US,Mobile,Existing,Low,37.38,1,67.68,0,0,0,0
TXN0000486,CUST011035,2026-02-02,Pre,-58,0,0,0,MX,Mobile,Existing,High,185.39,1,149.09,0,0,0,0
TXN0011423,CUST015851,2026-02-22,Pre,-38,0,0,0,US,Mobile,Existing,Low,162.67,1,94.56,0,0,0,0
TXN0016330,CUST014781,2026-03-03,Pre,-29,0,0,0,BR,Mobile,New,High,57.93,0,142.83,1,1,0,0
TXN0056204,CUST003441,2026-05-10,Post,39,1,0,1,BR,Mobile,New,Low,90.64,1,7399.0,0,0,1,0
TXN0010379,CUST002006,2026-02-20,Pre,-40,0,0,0,US,Mobile,Existing,Low,113.5,1,43.09,0,0,0,0
TXN0064810,CUST025373,2026-05-25,Post,54,1,0,0,US,Mobile,New,High,104.88,1,114.96,1,0,0,0
TXN0027250,CUST004475,2026-03-23,Pre,-9,0,0,0,BR,Mobile,Existing,Medium,82.4,1,107.33,0,0,0,0
TXN0052037,CUST007346,2026-05-05,Post,34,1,0,1,MX,Mobile,New,Low,69.48,1,52.25,0,0,0,0
TXN0038067,CUST011030,2026-04-11,Post,10,1,0,0,US,Mobile,Existing,Medium,265.12,1,141.0,0,0,0,0
TXN0066337,CUST000944,2026-05-27,Post,56,1,0,0,US,Mobile,New,Low,102.08,1,25.49,0,0,0,0
TXN0068477,CUST007617,2026-05-31,Post,60,1,0,0,US,Mobile,Existing,Medium,149.96,1,98.29,0,0,0,0
TXN0016873,CUST016549,2026-03-04,Pre,-28,0,0,0,US,Mobile,Existing,Low,127.46,1,74.49,0,0,0,0
TXN0061646,CUST013056,2026-05-19,Post,48,1,0,0,US,Mobile,Existing,Low,31.34,1,44.89,0,0,0,0
TXN0036589,CUST001128,2026-04-09,Post,8,1,0,0,BR,Mobile,Existing,Low,120.09,1,54.02,0,0,0,0
TXN0049904,CUST019962,2026-05-01,Post,30,1,0,0,US,Desktop,New,Low,129.28,1,52.85,0,0,0,0
TXN0066989,CUST008765,2026-05-28,Post,57,1,0,0,US,Mobile,Existing,Low,14.69,0,27.69,0,0,0,0
TXN0007675,CUST015306,2026-02-15,Pre,-45,0,0,0,BR,Mobile,Existing,Low,50.57,1,91.45,0,1,0,0
TXN0050846,CUST017373,2026-05-03,Post,32,1,0,0,CR,Mobile,Existing,Medium,84.77,1,34.36,0,0,0,0
TXN0003789,CUST008258,2026-02-08,Pre,-52,0,0,0,US,Desktop,Existing,Low,88.14,1,114.86,0,0,0,0
TXN0019483,CUST023229,2026-03-09,Pre,-23,0,0,0,US,Desktop,Existing,Low,49.49,1,127.52,1,0,0,0
TXN0052567,CUST024299,2026-05-05,Post,34,1,0,1,US,Mobile,New,Medium,26.44,1,121.67,1,0,0,0
TXN0026261,CUST021509,2026-03-21,Pre,-11,0,0,0,US,Desktop,Existing,Low,87.59,0,128.68,0,0,0,0
TXN0013903,CUST022920,2026-02-26,Pre,-34,0,0,0,BR,Desktop,New,High,245.79,1,125.12,0,0,0,0
TXN0008069,CUST025881,2026-02-16,Pre,-44,0,0,0,US,Mobile,Existing,Medium,44.73,1,137.64,1,0,1,0
TXN0006705,CUST021283,2026-02-13,Pre,-47,0,0,0,MX,Desktop,Existing,Medium,251.62,1,50.96,0,0,0,0
TXN0050684,CUST024675,2026-05-03,Post,32,1,0,0,MX,Mobile,New,Medium,12.45,1,34.38,0,0,0,0
TXN0037196,CUST001194,2026-04-10,Post,9,1,0,0,MX,Mobile,Existing,Medium,109.5,1,38.79,0,0,0,0
TXN0009153,CUST018224,2026-02-18,Pre,-42,0,0,0,US,Desktop,Existing,Low,17.23,1,62.12,0,0,0,0
TXN0028221,CUST023428,2026-03-25,Pre,-7,0,0,0,US,Mobile,Existing,Low,198.08,0,123.02,0,0,0,0
TXN0050266,CUST006418,2026-05-02,Post,31,1,0,0,MX,Mobile,New,Low,26.07,1,73.84,0,0,0,0
TXN0009091,CUST007210,2026-02-18,Pre,-42,0,0,0,MX,Desktop,New,Low,51.02,0,100.54,1,0,0,0
TXN0047063,CUST013797,2026-04-27,Post,26,1,0,0,US,Mobile,Existing,Medium,63.63,1,44.02,0,0,0,0
TXN0053718,CUST021300,2026-05-07,Post,36,1,0,1,MX,Mobile,Existing,Low,47.95,1,72.75,0,0,1,0
TXN0062714,CUST015556,2026-05-21,Post,50,1,0,0,MX,Mobile,New,Low,125.71,1,94.26,0,0,0,0
TXN0024596,CUST012985,2026-03-18,Pre,-14,0,0,0,US,Desktop,New,Low,72.75,1,184.55,1,0,0,0
TXN0023732,CUST003905,2026-03-17,Pre,-15,0,0,0,US,Desktop,Existing,High,14.57,1,80.03,1,0,0,0
TXN0027309,CUST002666,2026-03-23,Pre,-9,0,0,0,US,Desktop,Existing,Low,107.41,1,152.55,0,0,0,0
TXN0014599,CUST021286,2026-02-28,Pre,-32,0,0,0,US,Mobile,New,Low,47.0,1,109.59,0,0,0,0
TXN0046228,CUST003232,2026-04-25,Post,24,1,0,0,BR,Desktop,Existing,Low,79.84,1,25.31,0,0,0,0
TXN0032205,CUST014487,2026-04-01,Post,0,1,1,0,US,Mobile,Existing,Low,32.73,1,99.23,0,0,0,0
TXN0025308,CUST007726,2026-03-19,Pre,-13,0,0,0,US,Mobile,Existing,Low,151.65,1,96.16,1,0,0,0
TXN0026613,CUST011410,2026-03-22,Pre,-10,0,0,0,US,Mobile,Existing,Low,15.4,0,58.45,0,0,0,0
TXN0000486,CUST011035,2026-02-02,Pre,-58,0,0,0,MX,Mobile,Existing,High,185.39,1,149.09,0,0,0,0
TXN0030089,CUST002768,2026-03-28,Pre,-4,0,0,0,MX,Mobile,Existing,Low,27.49,1,65.66,0,0,0,0
TXN0023228,CUST010939,2026-03-16,Pre,-16,0,0,0,US,Desktop,Existing,Low,32.96,1,59.17,1,0,0,0
TXN0039974,CUST012811,2026-04-15,Post,14,1,0,0,CR,Desktop,Existing,Medium,100.88,0,154.86,1,0,0,0
TXN0020998,CUST012216,2026-03-12,Pre,-20,0,0,0,US,Mobile,Existing,Low,25.68,1,121.16,0,1,0,0
TXN0035523,CUST015923,2026-04-07,Post,6,1,1,0,US,Mobile,New,Low,152.63,1,5075.0,0,0,0,0
TXN0005111,CUST006003,2026-02-10,Pre,-50,0,0,0,CR,Mobile,Existing,Low,41.01,1,35.99,0,0,0,0
TXN0001110,CUST008170,2026-02-03,Pre,-57,0,0,0,MX,Desktop,Existing,High,289.49,0,77.79,1,1,0,0
TXN0039055,CUST020876,2026-04-13,Post,12,1,0,0,CR,Mobile,Existing,Medium,34.01,1,37.77,0,0,0,0
TXN0035443,CUST019611,2026-04-07,Post,6,1,1,0,BR,Mobile,Existing,High,329.77,0,107.95,1,0,0,0
TXN0032031,CUST008072,2026-04-01,Post,0,1,1,0,US,Mobile,Existing,Low,173.01,1,76.83,0,0,0,0
TXN0056344,CUST019377,2026-05-10,Post,39,1,0,1,MX,Mobile,New,Low,102.08,1,49.72,1,0,0,1
TXN0038719,CUST008309,2026-04-13,Post,12,1,0,0,MX,Desktop,New,Low,54.91,1,95.61,0,0,0,0
TXN0004047,CUST010938,2026-02-08,Pre,-52,0,0,0,US,Mobile,Existing,Low,35.44,1,94.62,0,0,0,0
TXN0041642,CUST001667,2026-04-17,Post,16,1,0,0,BR,Mobile,New,Medium,161.01,1,80.08,0,0,0,0
TXN0053714,CUST002386,2026-05-07,Post,36,1,0,1,MX,Desktop,New,Low,102.72,1,32.41,0,0,0,0
TXN0016238,CUST007603,2026-03-03,Pre,-29,0,0,0,US,Desktop,Existing,Low,315.87,1,160.39,1,1,0,0
TXN0067411,CUST003466,2026-05-29,Post,58,1,0,0,MX,Mobile,New,Medium,64.3,1,53.3,0,0,0,0
TXN0048671,CUST004246,2026-04-29,Post,28,1,0,0,US,Mobile,Existing,Low,18.25,1,37.44,0,0,0,0
TXN0037504,CUST018150,2026-04-10,Post,9,1,0,0,BR,Desktop,Existing,Low,94.97,1,45.56,0,0,0,0
TXN0043643,CUST017747,2026-04-21,Post,20,1,0,0,US,Mobile,Existing,Low,116.37,1,97.29,0,1,0,0
TXN0028345,CUST022909,2026-03-25,Pre,-7,0,0,0,US,Mobile,New,Medium,135.89,1,130.79,0,0,0,0
TXN0042878,CUST001856,2026-04-20,Post,19,1,0,0,US,Mobile,Existing,High,300.77,1,72.49,1,0,0,0
TXN0052514,CUST017854,2026-05-05,Post,34,1,0,1,MX,Mobile,Existing,High,97.16,1,268.85,1,0,0,0
TXN0039187,CUST003478,2026-04-13,Post,12,1,0,0,US,Mobile,New,Low,23.33,1,59.83,0,0,0,0
TXN0022961,CUST022708,2026-03-15,Pre,-17,0,0,0,CR,Mobile,Existing,Medium,93.32,1,27.85,0,0,0,0
TXN0011987,CUST014834,2026-02-23,Pre,-37,0,0,0,US,Mobile,New,Low,23.98,1,79.03,0,0,0,0
TXN0013998,CUST010774,2026-02-27,Pre,-33,0,0,0,CR,Mobile,Existing,Medium,101.31,1,233.73,1,0,0,1
TXN0013255,CUST022759,2026-02-25,Pre,-35,0,0,0,MX,Mobile,Existing,High,53.62,1,288.36,1,0,0,0
TXN0039633,CUST008204,2026-04-14,Post,13,1,0,0,BR,Desktop,New,Medium,95.75,1,99.52,0,0,0,0
TXN0033362,CUST000551,2026-04-03,Post,2,1,1,0,BR,Mobile,Existing,Low,179.72,1,101.11,0,0,0,0
TXN0005053,CUST018368,2026-02-10,Pre,-50,0,0,0,MX,Desktop,Existing,Medium,158.84,1,42.46,0,0,0,0
TXN0025986,CUST002171,2026-03-20,Pre,-12,0,0,0,cr,Desktop,Existing,High,18.78,0,153.63,0,0,0,0
TXN0060352,CUST018964,2026-05-17,Post,46,1,0,0,BR,Mobile,Existing,Medium,19.98,1,56.94,0,0,0,0
TXN0019887,CUST021832,2026-03-10,Pre,-22,0,0,0,MX,Mobile,Existing,Low,15.57,0,227.81,1,0,0,0
TXN0021706,CUST023432,2026-03-13,Pre,-19,0,0,0,MX,Mobile,New,Low,19.57,1,129.85,0,0,0,0
TXN0015603,CUST013165,2026-03-02,Pre,-30,0,0,0,MX,Desktop,Existing,Low,59.69,1,50.46,0,0,0,0
TXN0011326,CUST006827,2026-02-22,Pre,-38,0,0,0,US,Desktop,New,Low,31.33,1,220.85,0,0,0,0
TXN0013911,CUST017827,2026-02-26,Pre,-34,0,0,0,BR,Desktop,Existing,Medium,87.14,0,73.29,0,0,0,0
TXN0022616,CUST008992,2026-03-15,Pre,-17,0,0,0,US,Desktop,New,Low,39.29,1,79.96,1,0,0,0
TXN0051856,CUST011522,2026-05-05,Post,34,1,0,1,US,Desktop,New,Low,346.09,1,58.28,0,0,0,0
TXN0002469,CUST016866,2026-02-05,Pre,-55,0,0,0,US,Mobile,Existing,Low,98.31,1,34.21,0,0,0,0
TXN0067158,CUST014658,2026-05-29,Post,58,1,0,0,US,Mobile,Existing,Low,83.42,1,86.55,0,0,0,0
TXN0013935,CUST025590,2026-02-26,Pre,-34,0,0,0,BR,Mobile,Existing,High,83.79,1,82.41,0,0,0,0
TXN0022698,CUST005863,2026-03-15,Pre,-17,0,0,0,US,Desktop,Existing,Medium,59.53,1,43.05,0,0,0,0
TXN0004057,CUST005021,2026-02-08,Pre,-52,0,0,0,US,Desktop,Existing,Low,101.2,1,93.65,0,0,0,0
TXN0040916,CUST010819,2026-04-16,Post,15,1,0,0,US,Desktop,New,Medium,23.98,1,219.23,1,1,0,1
TXN0041988,CUST025448,2026-04-18,Post,17,1,0,0,CR,Mobile,Existing,Low,160.06,0,175.14,0,0,0,0
TXN0004533,CUST021201,2026-02-09,Pre,-51,0,0,0,BR,Desktop,New,Low,70.97,1,143.6,0,0,0,0
TXN0059313,CUST021634,2026-05-15,Post,44,1,0,0,BR,Mobile,Existing,Low,21.0,1,46.48,0,0,0,0
TXN0033910,CUST008647,2026-04-04,Post,3,1,1,0,MX,Mobile,Existing,Medium,58.29,1,47.84,0,0,0,0
TXN0016897,CUST019354,2026-03-04,Pre,-28,0,0,0,US,Desktop,New,Low,100.49,1,182.35,0,0,0,0
TXN0052981,CUST019638,2026-05-06,Post,35,1,0,1,MX,Mobile,New,Low,60.26,1,38.3,0,0,0,0
TXN0041027,CUST022875,2026-04-16,Post,15,1,0,0,US,Mobile,Existing,Medium,35.54,1,73.6,0,0,0,0
TXN0057757,CUST018685,2026-05-13,Post,42,1,0,0,MX,Mobile,Existing,Low,138.85,1,15.3,0,0,0,0
TXN0011579,CUST003760,2026-02-22,Pre,-38,0,0,0,MX,Mobile,New,Low,98.67,1,63.64,0,0,0,0
TXN0047522,CUST012153,2026-04-28,Post,27,1,0,0,MX,Mobile,Existing,Medium,63.34,1,25.69,0,0,0,0
TXN0021842,CUST001038,2026-03-13,Pre,-19,0,0,0,CR,Desktop,Existing,Low,79.26,0,66.41,0,1,0,0
TXN0059259,CUST015186,2026-05-15,Post,44,1,0,0,BR,Mobile,Existing,Low,133.51,1,114.25,0,0,0,0
TXN0063703,CUST007604,2026-05-23,Post,52,1,0,0,BR,Desktop,New,Low,110.07,1,72.17,0,0,0,0
TXN0032188,CUST006892,2026-04-01,Post,0,1,1,0,CR,Desktop,Existing,Medium,59.41,1,91.55,0,0,0,0
TXN0032418,CUST014523,2026-04-01,Post,0,1,1,0,MX,Mobile,New,High,47.32,1,77.24,0,0,0,0
TXN0002144,CUST017805,2026-02-04,Pre,-56,0,0,0,US,Mobile,Existing,Medium,104.59,0,305.78,1,1,1,0
TXN0017961,CUST016977,2026-03-06,Pre,-26,0,0,0,BR,Mobile,New,Low,256.74,1,51.5,0,0,0,0
TXN0040525,CUST001239,2026-04-15,Post,14,1,0,0,US,Mobile,New,Medium,390.09,1,37.63,0,0,0,0
TXN0045230,CUST017734,2026-04-23,Post,22,1,0,0,US,Mobile,Existing,High,46.91,1,131.07,1,0,0,0
TXN0023105,CUST016851,2026-03-16,Pre,-16,0,0,0,MX,Desktop,Existing,Low,78.69,1,54.96,0,0,0,0
TXN0031126,CUST021585,2026-03-30,Pre,-2,0,0,0,BR,Mobile,Existing,Low,70.99,1,28.27,0,0,0,0
TXN0062638,CUST020381,2026-05-21,Post,50,1,0,0,US,Mobile,Existing,Medium,107.47,1,37.04,0,0,0,0
TXN0005421,CUST012604,2026-02-11,Pre,-49,0,0,0,US,Mobile,Existing,Low,66.44,1,48.03,0,0,1,0
TXN0023276,CUST019847,2026-03-16,Pre,-16,0,0,0,MX,Desktop,New,High,53.82,1,303.51,1,0,0,0
TXN0039039,CUST012562,2026-04-13,Post,12,1,0,0,MX,Mobile,Existing,Low,15.32,1,13.28,0,0,0,0
TXN0022772,CUST011521,2026-03-15,Pre,-17,0,0,0,mx,Desktop,Existing,Medium,41.02,0,235.55,1,0,0,0
TXN0023340,CUST001422,2026-03-16,Pre,-16,0,0,0,MX,Desktop,New,Low,45.46,1,206.91,1,0,0,0
TXN0060589,CUST021453,2026-05-18,Post,47,1,0,0,US,Desktop,New,Low,155.85,1,42.83,0,0,0,0
TXN0008232,CUST006187,2026-02-16,Pre,-44,0,0,0,MX,Mobile,Existing,Medium,33.96,1,81.98,0,0,0,0
TXN0044049,CUST012377,2026-04-21,Post,20,1,0,0,US,Mobile,New,Low,163.66,1,49.29,0,0,0,0
TXN0025060,CUST006235,2026-03-19,Pre,-13,0,0,0,BR,Desktop,New,Low,132.67,1,141.23,0,0,1,0
TXN0005768,CUST002236,2026-02-11,Pre,-49,0,0,0,US,Mobile,New,Low,8.34,0,33.64,0,0,0,0
TXN0019167,CUST023394,2026-03-08,Pre,-24,0,0,0,BR,Desktop,Existing,Medium,17.99,1,116.0,0,0,0,0
TXN0025314,CUST020231,2026-03-19,Pre,-13,0,0,0,BR,Mobile,Existing,Low,30.5,1,150.71,0,0,0,0
TXN0011783,CUST024844,2026-02-23,Pre,-37,0,0,0,MX,Desktop,New,Low,183.89,1,37.8,0,0,0,0
TXN0011753,CUST012904,2026-02-23,Pre,-37,0,0,0,CR,Mobile,Existing,Medium,92.73,1,155.82,0,0,0,0
TXN0024906,CUST005892,2026-03-19,Pre,-13,0,0,0,MX,Mobile,Existing,Medium,65.16,1,123.65,0,0,1,0
TXN0023930,CUST019417,2026-03-17,Pre,-15,0,0,0,US,Desktop,Existing,Low,136.26,1,105.22,0,0,0,0
TXN0011038,CUST019391,2026-02-21,Pre,-39,0,0,0,MX,Mobile,Existing,Low,166.25,1,58.03,1,0,0,0
TXN0061262,CUST019658,2026-05-19,Post,48,1,0,0,CR,Mobile,New,Low,36.34,1,88.38,1,0,0,0
TXN0054185,CUST009835,2026-05-07,Post,36,1,0,1,MX,Mobile,Existing,High,56.54,1,340.82,1,0,0,0
TXN0029004,CUST004695,2026-03-26,Pre,-6,0,0,0,US,Mobile,New,Low,16.28,1,158.45,0,0,0,0
TXN0003442,CUST016076,2026-02-07,Pre,-53,0,0,0,MX,Mobile,Existing,Low,60.51,1,52.69,0,0,0,1
TXN0017064,CUST018119,2026-03-04,Pre,-28,0,0,0,BR,Mobile,New,High,140.91,1,57.13,1,1,0,0
TXN0054775,CUST006597,2026-05-08,Post,37,1,0,1,US,Mobile,Existing,Low,18.42,1,77.31,0,0,0,0
TXN0030724,CUST002996,2026-03-30,Pre,-2,0,0,0,US,Mobile,New,Low,30.08,1,56.91,0,0,0,0
TXN0030972,CUST001891,2026-03-30,Pre,-2,0,0,0,US,Mobile,Existing,High,48.08,1,244.75,0,0,0,0
TXN0042284,CUST017356,2026-04-18,Post,17,1,0,0,BR,Mobile,Existing,Medium,100.07,1,49.13,0,0,0,0
TXN0018806,CUST003971,2026-03-08,Pre,-24,0,0,0,CR,Mobile,New,High,103.43,1,116.16,0,0,0,0
TXN0039370,CUST021405,2026-04-14,Post,13,1,0,0,US,Mobile,Existing,Low,141.47,1,34.02,0,1,0,0
TXN0063749,CUST002936,2026-05-23,Post,52,1,0,0,CR,Mobile,Existing,Low,285.3,0,20.73,0,0,0,0
TXN0051118,CUST015514,2026-05-04,Post,33,1,0,1,CR,Mobile,Existing,Medium,63.96,1,77.62,1,0,0,0
TXN0026823,CUST010126,2026-03-22,Pre,-10,0,0,0,MX,Mobile,Existing,Low,65.81,0,66.8,0,0,0,0
TXN0047459,CUST024312,2026-04-27,Post,26,1,0,0,BR,Desktop,New,Medium,7.76,1,106.42,0,0,0,0
TXN0039378,CUST015546,2026-04-14,Post,13,1,0,0,MX,Mobile,Existing,High,231.09,1,69.22,0,0,0,0
TXN0024816,CUST024185,2026-03-19,Pre,-13,0,0,0,MX,Desktop,Existing,Low,44.11,1,83.66,0,0,0,0
TXN0058736,CUST005837,2026-05-14,Post,43,1,0,0,US,Mobile,New,Medium,110.17,1,66.29,0,0,0,0
TXN0061160,CUST008888,2026-05-19,Post,48,1,0,0,MX,Mobile,New,Medium,207.61,1,82.21,0,0,0,0
TXN0056988,CUST004742,2026-05-11,Post,40,1,0,0,US,Mobile,New,Medium,59.78,1,50.88,0,0,0,0
TXN0027983,CUST019209,2026-03-24,Pre,-8,0,0,0,US,Desktop,New,Low,47.87,1,38.44,0,0,0,0
TXN0031059,CUST007572,2026-03-30,Pre,-2,0,0,0,CR,Mobile,Existing,Medium,31.46,0,63.04,0,0,0,0
TXN0004616,CUST020527,2026-02-09,Pre,-51,0,0,0,US,Desktop,Existing,Medium,94.04,0,255.67,1,0,0,0
TXN0057460,CUST012423,2026-05-12,Post,41,1,0,0,BR,Mobile,New,Low,135.98,1,91.99,0,0,0,0
TXN0063313,CUST003070,2026-05-22,Post,51,1,0,0,US,Mobile,Existing,Low,91.01,1,39.9,0,0,0,0
TXN0059350,CUST017107,2026-05-15,Post,44,1,0,0,BR,Desktop,New,Low,32.51,1,137.52,1,0,0,0
TXN0043551,CUST025773,2026-04-21,Post,20,1,0,0,US,Mobile,New,Low,54.15,1,67.54,0,1,0,0
TXN0050419,CUST004117,2026-05-02,Post,31,1,0,0,CR,Mobile,New,Medium,29.79,1,69.58,0,0,0,0
TXN0066350,CUST004244,2026-05-27,Post,56,1,0,0,CR,Mobile,New,Low,96.52,1,49.23,0,0,0,0
TXN0034555,CUST017618,2026-04-05,Post,4,1,1,0,BR,Mobile,New,High,193.71,1,87.54,1,0,1,0
TXN0005953,CUST023264,2026-02-11,Pre,-49,0,0,0,MX,Desktop,Existing,Low,168.96,0,157.94,0,0,0,0
TXN0007544,CUST018103,2026-02-15,Pre,-45,0,0,0,MX,Desktop,New,Low,184.77,1,123.27,0,0,0,0
TXN0018046,CUST009043,2026-03-06,Pre,-26,0,0,0,MX,Mobile,New,Low,99.57,1,54.65,0,0,0,0
TXN0058697,CUST009119,2026-05-14,Post,43,1,0,0,MX,Mobile,New,Medium,14.87,1,55.8,0,0,0,0
TXN0052084,CUST003970,2026-05-05,Post,34,1,0,1,US,Desktop,Existing,Low,20.21,1,40.81,0,0,0,0
TXN0002792,CUST023449,2026-02-06,Pre,-54,0,0,0,US,Mobile,Existing,Low,24.74,0,27.69,0,0,0,0
TXN0040495,CUST003473,2026-04-15,Post,14,1,0,0,BR,Desktop,Existing,Low,99.09,1,30.02,0,0,0,0
TXN0039625,CUST012033,2026-04-14,Post,13,1,0,0,BR,Desktop,New,Low,125.49,1,19.12,0,0,0,0
TXN0014422,CUST011282,2026-02-27,Pre,-33,0,0,0,US,Mobile,New,Low,78.11,0,101.69,0,0,0,0
TXN0057144,CUST008555,2026-05-12,Post,41,1,0,0,US,Mobile,New,Low,46.72,1,28.61,0,0,0,0
TXN0025797,CUST012668,2026-03-20,Pre,-12,0,0,0,BR,Mobile,New,Medium,80.33,1,91.83,1,0,0,0
TXN0061666,CUST008932,2026-05-19,Post,48,1,0,0,US,Mobile,Existing,Low,331.26,1,76.42,0,0,0,0
TXN0015510,CUST016280,2026-03-02,Pre,-30,0,0,0,BR,Mobile,Existing,Low,154.39,1,60.56,0,0,0,0
TXN0064496,CUST006222,2026-05-24,Post,53,1,0,0,BR,Mobile,New,Medium,120.38,0,-5.0,1,0,0,0
TXN0060856,CUST015862,2026-05-18,Post,47,1,0,0,US,Mobile,Existing,Low,122.57,1,63.45,0,0,0,0
TXN0022646,CUST024305,2026-03-15,Pre,-17,0,0,0,US,Desktop,Existing,Medium,65.52,1,326.16,1,0,0,0
TXN0012311,CUST015661,2026-02-24,Pre,-36,0,0,0,BR,Mobile,New,Low,345.82,1,90.13,0,0,0,0
TXN0023502,CUST022344,2026-03-16,Pre,-16,0,0,0,MX,Desktop,Existing,Medium,46.51,0,80.59,1,0,0,0
TXN0055035,CUST001533,2026-05-08,Post,37,1,0,1,US,Mobile,Existing,High,33.02,1,18.66,0,0,0,0
TXN0011198,CUST004669,2026-02-22,Pre,-38,0,0,0,MX,Mobile,New,Low,85.84,1,92.19,0,0,0,0
TXN0009488,CUST002543,2026-02-18,Pre,-42,0,0,0,MX,Mobile,New,Medium,18.15,1,77.72,0,0,0,0
TXN0061643,CUST001640,2026-05-19,Post,48,1,0,0,BR,Mobile,Existing,Low,266.96,1,39.61,0,0,0,0
TXN0040631,CUST001976,2026-04-16,Post,15,1,0,0,US,Desktop,New,Low,328.02,1,32.95,0,0,0,0
TXN0011331,CUST007273,2026-02-22,Pre,-38,0,0,0,MX,Mobile,Existing,Low,150.58,0,154.76,0,0,0,0
TXN0059651,CUST006627,2026-05-16,Post,45,1,0,0,MX,Mobile,New,Low,197.47,1,28.85,0,0,0,0
TXN0037606,CUST007751,2026-04-10,Post,9,1,0,0,MX,Desktop,Existing,Medium,85.46,1,121.23,0,1,0,0
TXN0025279,CUST018218,2026-03-19,Pre,-13,0,0,0,US,Mobile,Existing,Low,104.93,1,39.85,0,0,0,0
TXN0055517,CUST017939,2026-05-09,Post,38,1,0,1,BR,Mobile,New,Low,40.62,1,63.31,0,1,0,0
TXN0019848,CUST017642,2026-03-10,Pre,-22,0,0,0,US,Mobile,Existing,Medium,59.49,1,57.41,0,0,0,0
TXN0015389,CUST021327,2026-03-01,Pre,-31,0,0,0,US,Mobile,Existing,Low,82.29,0,122.6,1,0,0,0
TXN0037873,CUST020339,2026-04-11,Post,10,1,0,0,CR,Mobile,Existing,Low,143.43,1,44.01,0,0,0,0
TXN0017098,CUST017569,2026-03-04,Pre,-28,0,0,0,BR,Desktop,New,Low,62.33,1,150.85,0,0,0,0
TXN0049780,CUST008737,2026-05-01,Post,30,1,0,0,BR,Mobile,Existing,Low,131.72,1,83.61,0,0,0,0
TXN0041350,CUST013497,2026-04-17,Post,16,1,0,0,MX,Mobile,New,Medium,88.36,1,94.76,1,0,0,0
TXN0065021,CUST021142,2026-05-25,Post,54,1,0,0,US,Desktop,Existing,High,92.41,1,42.68,1,0,0,0
TXN0015621,CUST017098,2026-03-02,Pre,-30,0,0,0,US,Mobile,New,Low,178.97,0,45.32,0,0,0,0
TXN0056117,CUST013019,2026-05-10,Post,39,1,0,1,BR,Desktop,New,Low,140.23,1,54.91,0,0,0,0
TXN0053463,CUST007574,2026-05-07,Post,36,1,0,1,MX,Mobile,Existing,Medium,194.39,1,45.13,0,0,0,0
TXN0016325,CUST017874,2026-03-03,Pre,-29,0,0,0,MX,Mobile,Existing,Medium,117.58,1,92.46,0,0,0,0
TXN0001217,CUST008828,2026-02-03,Pre,-57,0,0,0,US,Mobile,New,Medium,63.93,1,140.12,1,0,0,0
TXN0050966,CUST009925,2026-05-04,Post,33,1,0,1,BR,Mobile,Existing,Low,60.94,1,45.08,0,0,0,0
TXN0016380,CUST005167,2026-03-03,Pre,-29,0,0,0,US,Mobile,Existing,Low,467.39,1,106.72,1,0,0,0
TXN0024841,CUST011200,2026-03-19,Pre,-13,0,0,0,US,Mobile,New,Low,49.02,1,56.56,0,0,0,0
TXN0012270,CUST014961,2026-02-24,Pre,-36,0,0,0,MX,Mobile,New,High,108.79,1,153.42,1,0,0,0
TXN0040803,CUST009446,2026-04-16,Post,15,1,0,0,US,Mobile,Existing,Low,93.75,1,54.69,0,0,0,0
TXN0030216,CUST007660,2026-03-28,Pre,-4,0,0,0,MX,Mobile,New,Low,139.69,1,77.35,0,0,0,0
TXN0061635,CUST016370,2026-05-19,Post,48,1,0,0,CR,Mobile,Existing,Medium,15.18,1,47.08,0,0,0,0
TXN0043983,CUST006237,2026-04-21,Post,20,1,0,0,US,Mobile,Existing,Medium,60.31,1,109.92,1,0,0,0
TXN0017335,CUST003221,2026-03-05,Pre,-27,0,0,0,US,Mobile,Existing,High,13.69,0,145.73,1,0,0,0
TXN0042723,CUST010521,2026-04-19,Post,18,1,0,0,US,Mobile,New,Low,25.73,1,63.46,0,0,0,0
TXN0029336,CUST013863,2026-03-27,Pre,-5,0,0,0,BR,Mobile,Existing,Medium,179.3,1,53.7,0,1,0,0
TXN0050823,CUST021729,2026-05-03,Post,32,1,0,0,MX,Desktop,Existing,Low,53.26,1,26.38,0,0,0,0
TXN0019730,CUST005728,2026-03-09,Pre,-23,0,0,0,MX,Mobile,Existing,Medium,89.11,0,113.27,0,0,0,0
TXN0066200,CUST007051,2026-05-27,Post,56,1,0,0,MX,Mobile,Existing,Low,121.14,1,38.44,0,0,0,0
TXN0033912,CUST012040,2026-04-04,Post,3,1,1,0,CR,Mobile,Existing,Low,35.52,1,117.44,1,0,0,0
TXN0056343,CUST004904,2026-05-10,Post,39,1,0,1,US,Desktop,Existing,Medium,216.54,1,80.95,0,0,0,0
TXN0021374,CUST004812,2026-03-12,Pre,-20,0,0,0,MX,Mobile,New,High,52.19,1,218.47,1,0,0,0
TXN0033775,CUST004840,2026-04-04,Post,3,1,1,0,US,Desktop,Existing,Low,302.06,0,85.65,0,0,1,0
TXN0007380,CUST012148,2026-02-14,Pre,-46,0,0,0,CR,Desktop,Existing,Low,199.8,1,317.62,1,0,0,0
TXN0051218,CUST011086,2026-05-04,Post,33,1,0,1,US,Mobile,New,Low,68.55,0,113.08,0,0,0,0
TXN0050855,CUST008530,2026-05-03,Post,32,1,0,0,BR,Mobile,Existing,Medium,68.77,1,125.44,0,0,0,0
TXN0065850,CUST025606,2026-05-26,Post,55,1,0,0,CR,Desktop,New,Low,44.98,0,39.47,0,0,0,0
TXN0051109,CUST023096,2026-05-04,Post,33,1,0,1,MX,Mobile,New,Low,155.49,0,48.67,0,0,0,0
TXN0054794,CUST019793,2026-05-08,Post,37,1,0,1,US,Mobile,New,Medium,65.69,1,44.05,0,0,0,0
TXN0039103,CUST021912,2026-04-13,Post,12,1,0,0,BR,Mobile,Existing,High,29.9,0,131.6,0,0,0,0
TXN0043471,CUST012046,2026-04-20,Post,19,1,0,0,CR,Desktop,New,Low,70.02,0,48.29,0,0,0,0
TXN0025927,CUST014057,2026-03-20,Pre,-12,0,0,0,BR,Desktop,Existing,Low,110.3,1,58.9,0,0,0,0
TXN0059567,CUST025163,2026-05-15,Post,44,1,0,0,MX,Mobile,New,Medium,85.13,1,39.92,0,1,0,0
TXN0066001,CUST007118,2026-05-27,Post,56,1,0,0,US,Mobile,Existing,Medium,41.79,1,36.31,0,0,0,0
TXN0036786,CUST008789,2026-04-09,Post,8,1,0,0,BR,Mobile,Existing,Medium,75.55,1,40.66,0,0,0,0
TXN0064266,CUST020059,2026-05-24,Post,53,1,0,0,US,Mobile,Existing,Medium,34.75,1,41.37,0,0,0,0
TXN0057603,CUST007040,2026-05-12,Post,41,1,0,0,US,Mobile,New,Low,51.09,1,103.43,0,0,0,0
TXN0041816,CUST019966,2026-04-17,Post,16,1,0,0,US,Mobile,New,Low,77.39,1,36.82,0,0,0,0
TXN0063526,CUST018809,2026-05-22,Post,51,1,0,0,US,Desktop,New,Low,71.28,0,83.06,0,0,0,0
TXN0058937,CUST024855,2026-05-14,Post,43,1,0,0,US,Mobile,Existing,Low,59.12,1,45.52,0,0,0,0
TXN0026433,CUST005836,2026-03-21,Pre,-11,0,0,0,BR,Desktop,Existing,Low,320.38,1,215.25,1,0,0,0
TXN0066484,CUST019509,2026-05-27,Post,56,1,0,0,MX,Mobile,Existing,Medium,148.5,1,88.77,0,0,0,0
TXN0006864,CUST006976,2026-02-13,Pre,-47,0,0,0,US,Mobile,New,Medium,83.05,1,250.4,1,0,0,0
TXN0036006,CUST003589,2026-04-08,Post,7,1,0,0,CR,Mobile,Existing,Low,28.95,1,36.91,0,0,0,0
TXN0058951,CUST021499,2026-05-15,Post,44,1,0,0,US,Mobile,Existing,Low,45.97,1,22.42,0,0,0,0
TXN0026443,CUST003076,2026-03-21,Pre,-11,0,0,0,MX,Mobile,Existing,Medium,53.57,1,187.6,1,0,0,0
TXN0005419,CUST012576,2026-02-11,Pre,-49,0,0,0,US,Mobile,Existing,Low,53.42,1,52.88,0,0,0,0
TXN0052184,CUST016656,2026-05-05,Post,34,1,0,1,US,Desktop,New,Low,180.91,0,29.16,1,0,0,0
TXN0016705,CUST017477,2026-03-04,Pre,-28,0,0,0,US,Mobile,New,Low,121.45,1,91.08,0,0,0,0
TXN0026893,CUST001894,2026-03-22,Pre,-10,0,0,0,MX,Mobile,Existing,Medium,36.72,1,124.98,0,0,0,0
TXN0059274,CUST007032,2026-05-15,Post,44,1,0,0,US,Mobile,New,Low,176.3,1,37.81,0,0,0,0
TXN0042487,CUST013616,2026-04-19,Post,18,1,0,0,BR,Mobile,New,Low,92.65,1,75.03,0,0,0,0
TXN0002507,CUST013851,2026-02-05,Pre,-55,0,0,0,US,Mobile,Existing,Low,144.29,1,95.98,0,0,0,0
TXN0058233,CUST017281,2026-05-13,Post,42,1,0,0,US,Mobile,New,Low,64.1,0,27.38,0,0,0,0
TXN0037331,CUST021928,2026-04-10,Post,9,1,0,0,US,Desktop,Existing,Low,207.09,0,26.7,0,0,1,0
TXN0034382,CUST022386,2026-04-05,Post,4,1,1,0,US,Mobile,New,High,11.41,1,219.53,1,1,0,0
TXN0064259,CUST023661,2026-05-24,Post,53,1,0,0,US,Desktop,Existing,Low,26.12,1,70.92,0,0,0,0
TXN0005268,CUST001346,2026-02-10,Pre,-50,0,0,0,MX,Mobile,New,Medium,132.16,0,136.23,0,0,0,0
TXN0037963,CUST002506,2026-04-11,Post,10,1,0,0,BR,Desktop,New,Low,33.92,0,104.98,0,0,0,0
TXN0010146,CUST025078,2026-02-19,Pre,-41,0,0,0,CR,Mobile,New,Low,213.71,1,158.14,0,0,0,0
TXN0022772,CUST011521,2026-03-15,Pre,-17,0,0,0,MX,Desktop,Existing,Medium,41.02,0,235.55,1,0,0,0
TXN0014937,CUST020359,2026-02-28,Pre,-32,0,0,0,MX,Desktop,Existing,Medium,118.64,1,138.21,1,0,0,0
TXN0042114,CUST005421,2026-04-18,Post,17,1,0,0,US,Mobile,Existing,Low,51.47,1,111.29,0,0,0,0
TXN0007447,CUST003205,2026-02-14,Pre,-46,0,0,0,BR,Desktop,New,Medium,120.45,1,162.03,1,0,0,0
TXN0046507,CUST003346,2026-04-26,Post,25,1,0,0,CR,Mobile,New,Medium,54.15,1,80.84,0,1,0,0
TXN0020418,CUST018295,2026-03-11,Pre,-21,0,0,0,US,Desktop,Existing,Low,76.41,1,19.82,0,1,0,0
TXN0041608,CUST021172,2026-04-17,Post,16,1,0,0,US,Mobile,New,Medium,52.97,1,39.44,0,0,0,0
TXN0052643,CUST013079,2026-05-06,Post,35,1,0,1,BR,Mobile,New,Medium,46.78,1,31.84,0,0,1,0
TXN0038629,CUST010240,2026-04-12,Post,11,1,0,0,US,Mobile,New,High,219.86,0,183.6,1,1,0,0
TXN0026847,CUST005687,2026-03-22,Pre,-10,0,0,0,BR,Mobile,Existing,Low,227.16,1,66.95,0,0,0,0
TXN0050956,CUST021417,2026-05-04,Post,33,1,0,1,US,Desktop,New,Medium,12.46,1,73.49,0,0,0,0
TXN0042461,CUST022618,2026-04-19,Post,18,1,0,0,MX,Mobile,Existing,Low,83.3,1,27.65,0,0,0,0
TXN0061210,CUST020634,2026-05-19,Post,48,1,0,0,US,Mobile,Existing,Low,57.42,1,68.61,1,0,0,0
TXN0064511,CUST009882,2026-05-24,Post,53,1,0,0,CR,Mobile,Existing,Low,87.34,1,49.1,0,0,0,0
TXN0011977,CUST010551,2026-02-23,Pre,-37,0,0,0,US,Mobile,Existing,Low,29.88,1,225.81,1,0,0,0
TXN0064991,CUST012097,2026-05-25,Post,54,1,0,0,us,Mobile,New,Low,161.17,1,47.06,1,0,0,0
TXN0029207,CUST014668,2026-03-27,Pre,-5,0,0,0,US,Mobile,Existing,Medium,34.98,1,326.77,0,1,0,0
TXN0005930,CUST004918,2026-02-11,Pre,-49,0,0,0,US,Mobile,Existing,Medium,171.17,1,89.2,1,0,0,0
TXN0025799,CUST008737,2026-03-20,Pre,-12,0,0,0,MX,Mobile,Existing,Medium,135.15,1,91.89,1,0,0,0
TXN0034252,CUST016017,2026-04-05,Post,4,1,1,0,BR,Mobile,New,Low,72.69,1,83.38,0,0,0,0
TXN0056094,CUST003913,2026-05-10,Post,39,1,0,1,US,Mobile,Existing,Medium,204.16,0,137.71,1,0,0,0
TXN0015630,CUST012996,2026-03-02,Pre,-30,0,0,0,US,Mobile,Existing,Medium,155.79,1,106.6,0,1,0,0
TXN0036735,CUST021346,2026-04-09,Post,8,1,0,0,US,Mobile,Existing,Low,298.31,1,43.19,0,0,0,0
TXN0034686,CUST003929,2026-04-05,Post,4,1,1,0,BR,Mobile,Existing,Medium,468.47,1,89.26,0,0,0,0
TXN0061551,CUST007377,2026-05-19,Post,48,1,0,0,BR,Mobile,Existing,Medium,89.79,0,97.35,1,0,0,0
TXN0065684,CUST001090,2026-05-26,Post,55,1,0,0,CR,Mobile,Existing,High,24.81,1,-5.0,0,1,0,0
TXN0002346,CUST011102,2026-02-05,Pre,-55,0,0,0,BR,Desktop,New,Low,34.89,1,60.07,0,0,0,0
TXN0009158,CUST017100,2026-02-18,Pre,-42,0,0,0,US,Mobile,New,Medium,121.72,1,49.21,0,0,0,0
TXN0015471,CUST025387,2026-03-02,Pre,-30,0,0,0,US,Desktop,New,Medium,71.33,0,55.66,0,0,0,0
TXN0061508,CUST020249,2026-05-19,Post,48,1,0,0,BR,Mobile,New,Low,67.15,1,18.86,0,0,0,0
TXN0041042,CUST020567,2026-04-16,Post,15,1,0,0,US,Mobile,New,Low,86.45,1,81.26,0,0,0,0
TXN0066484,CUST019509,2026-05-27,Post,56,1,0,0,MX,Mobile,Existing,Medium,148.5,1,8134.0,0,0,0,0
TXN0009600,CUST016808,2026-02-18,Pre,-42,0,0,0,BR,Desktop,Existing,Low,13.54,1,111.22,1,0,0,0
TXN0066507,CUST005124,2026-05-27,Post,56,1,0,0,BR,Mobile,New,High,233.98,1,118.37,0,0,0,0
TXN0064991,CUST012097,2026-05-25,Post,54,1,0,0,US,Mobile,New,Low,161.17,1,47.06,1,0,0,0
TXN0064821,CUST008713,2026-05-25,Post,54,1,0,0,CR,Mobile,Existing,Low,65.66,1,47.57,0,0,0,0
TXN0007673,CUST023406,2026-02-15,Pre,-45,0,0,0,MX,Mobile,New,Medium,72.48,1,80.28,0,0,0,0
TXN0025585,CUST004190,2026-03-20,Pre,-12,0,0,0,BR,Desktop,Existing,Medium,126.92,1,114.47,1,0,0,0
TXN0046598,CUST003693,2026-04-26,Post,25,1,0,0,BR,Desktop,Existing,Low,202.5,1,167.15,0,0,0,0
TXN0042930,CUST016689,2026-04-20,Post,19,1,0,0,BR,Mobile,Existing,Low,27.59,1,35.64,0,0,0,0
TXN0051577,CUST020779,2026-05-04,Post,33,1,0,1,US,Desktop,New,Medium,38.32,1,102.13,1,0,0,0
TXN0013803,CUST002040,2026-02-26,Pre,-34,0,0,0,CR,Desktop,Existing,Low,171.23,1,203.1,0,0,1,0
TXN0034311,CUST003879,2026-04-05,Post,4,1,1,0,US,Desktop,Existing,Medium,54.65,1,101.43,0,0,0,0
TXN0009062,CUST009134,2026-02-18,Pre,-42,0,0,0,BR,Desktop,Existing,Low,55.92,1,77.36,0,0,1,0
TXN0055609,CUST009808,2026-05-09,Post,38,1,0,1,CR,Mobile,Existing,Medium,146.43,0,36.62,0,0,0,0
TXN0066396,CUST022294,2026-05-27,Post,56,1,0,0,BR,Mobile,New,Low,515.7,1,80.29,1,0,0,0
TXN0044042,CUST005953,2026-04-21,Post,20,1,0,0,BR,Mobile,New,Low,125.94,1,70.4,0,0,0,0
TXN0022190,CUST017502,2026-03-14,Pre,-18,0,0,0,BR,Desktop,New,Medium,72.1,1,56.01,0,0,0,0
TXN0023721,CUST000326,2026-03-17,Pre,-15,0,0,0,BR,Desktop,Existing,High,530.7,1,112.24,1,0,0,1
TXN0030546,CUST023391,2026-03-29,Pre,-3,0,0,0,US,Mobile,Existing,Low,90.02,0,103.42,0,0,0,0
TXN0035768,CUST012708,2026-04-07,Post,6,1,1,0,BR,Desktop,New,Low,410.65,1,35.16,0,0,0,0
TXN0057778,CUST006428,2026-05-13,Post,42,1,0,0,MX,Mobile,New,High,19.87,1,144.52,1,0,0,0
TXN0019101,CUST011576,2026-03-08,Pre,-24,0,0,0,CR,Desktop,New,Low,139.0,1,91.71,0,0,0,0
TXN0048367,CUST021290,2026-04-29,Post,28,1,0,0,BR,Mobile,Existing,Low,116.11,1,43.91,0,0,0,0
TXN0019196,CUST023887,2026-03-09,Pre,-23,0,0,0,BR,Mobile,New,Medium,32.55,1,39.03,0,0,0,0
TXN0062538,CUST011012,2026-05-21,Post,50,1,0,0,CR,Mobile,Existing,Medium,56.86,1,29.83,0,0,0,0
TXN0061659,CUST001261,2026-05-19,Post,48,1,0,0,CR,Mobile,Existing,Low,33.13,1,48.19,0,0,0,0
TXN0058525,CUST011077,2026-05-14,Post,43,1,0,0,US,Desktop,New,Low,65.6,1,39.89,0,0,0,0
TXN0067055,CUST011994,2026-05-28,Post,57,1,0,0,BR,Mobile,New,Low,241.52,0,59.81,0,0,1,0
TXN0031003,CUST007695,2026-03-30,Pre,-2,0,0,0,BR,Mobile,New,Medium,75.83,1,132.77,0,0,1,0
TXN0049432,CUST008357,2026-05-01,Post,30,1,0,0,BR,Mobile,Existing,Medium,119.67,0,56.2,1,0,0,0
TXN0012374,CUST014665,2026-02-24,Pre,-36,0,0,0,BR,Desktop,New,Medium,215.96,1,65.82,0,0,0,0
TXN0051956,CUST001834,2026-05-05,Post,34,1,0,1,BR,Desktop,Existing,Low,86.92,1,68.16,0,0,0,0
TXN0008084,CUST000557,2026-02-16,Pre,-44,0,0,0,BR,Mobile,New,Low,138.09,1,195.02,0,0,0,0
TXN0036072,CUST005679,2026-04-08,Post,7,1,0,0,US,Mobile,Existing,Low,107.76,1,51.52,0,0,0,0
TXN0029336,CUST013863,2026-03-27,Pre,-5,0,0,0,BR,Mobile,Existing,Medium,179.3,1,5689.0,0,1,0,0
TXN0001514,CUST009560,2026-02-03,Pre,-57,0,0,0,MX,Mobile,New,Low,359.13,1,79.03,0,0,0,0
TXN0065684,CUST001090,2026-05-26,Post,55,1,0,0,CR,Mobile,Existing,High,24.81,1,201.14,0,1,0,0
TXN0023295,CUST005383,2026-03-16,Pre,-16,0,0,0,BR,Mobile,Existing,Low,160.28,1,38.24,0,0,0,0
TXN0050762,CUST025811,2026-05-03,Post,32,1,0,0,MX,Desktop,New,Medium,20.19,1,47.52,1,0,0,0
TXN0002102,CUST001261,2026-02-04,Pre,-56,0,0,0,MX,Desktop,New,Low,49.46,1,71.06,0,0,0,0
TXN0035169,CUST024212,2026-04-06,Post,5,1,1,0,US,Mobile,Existing,Low,94.23,1,51.8,0,0,0,0
TXN0015478,CUST012961,2026-03-02,Pre,-30,0,0,0,US,Mobile,Existing,Low,167.99,1,194.28,1,0,0,0
TXN0043536,CUST006288,2026-04-21,Post,20,1,0,0,US,Desktop,Existing,Low,73.69,1,18.47,0,0,0,0
TXN0037221,CUST016720,2026-04-10,Post,9,1,0,0,US,Mobile,New,Low,49.19,0,167.35,0,0,0,0
TXN0021320,CUST021054,2026-03-12,Pre,-20,0,0,0,US,Mobile,New,Low,216.63,1,50.61,0,0,0,0
TXN0067109,CUST025123,2026-05-28,Post,57,1,0,0,MX,Mobile,New,Low,37.4,1,223.19,1,0,0,0
TXN0060602,CUST013535,2026-05-18,Post,47,1,0,0,US,Mobile,New,Low,51.71,1,74.16,0,0,0,0
TXN0056952,CUST003238,2026-05-11,Post,40,1,0,0,us,Desktop,Existing,High,27.68,1,155.42,1,0,0,0
TXN0050923,CUST021191,2026-05-03,Post,32,1,0,0,CR,Desktop,New,Medium,16.27,1,206.58,0,0,0,0
TXN0003819,CUST013035,2026-02-08,Pre,-52,0,0,0,CR,Desktop,Existing,High,91.72,1,60.16,0,0,0,0
TXN0016670,CUST010134,2026-03-04,Pre,-28,0,0,0,US,Mobile,New,Low,80.88,1,104.18,0,0,0,0
TXN0046235,CUST014994,2026-04-25,Post,24,1,0,0,US,Desktop,New,Medium,72.24,1,51.96,0,0,0,0
TXN0056715,CUST008215,2026-05-11,Post,40,1,0,0,US,Desktop,Existing,Medium,191.51,1,63.39,0,0,0,0
TXN0043289,CUST019346,2026-04-20,Post,19,1,0,0,MX,Desktop,Existing,Medium,102.46,1,35.03,0,0,0,0
TXN0010944,CUST012857,2026-02-21,Pre,-39,0,0,0,BR,Mobile,New,Medium,51.85,1,207.63,1,0,0,0
TXN0041965,CUST017962,2026-04-18,Post,17,1,0,0,BR,Mobile,New,Low,40.28,1,56.54,0,0,0,0
TXN0010295,CUST015105,2026-02-20,Pre,-40,0,0,0,MX,Desktop,Existing,Low,10.68,1,52.74,1,0,0,0
TXN0049429,CUST010705,2026-05-01,Post,30,1,0,0,MX,Desktop,Existing,Low,154.15,1,71.54,0,0,0,0
TXN0054963,CUST024720,2026-05-08,Post,37,1,0,1,MX,Mobile,New,Medium,44.96,1,69.87,0,0,0,0
TXN0025515,CUST024829,2026-03-20,Pre,-12,0,0,0,MX,Mobile,New,Medium,55.47,1,196.19,1,0,0,0
TXN0063425,CUST010314,2026-05-22,Post,51,1,0,0,US,Desktop,New,Low,57.95,1,40.47,0,0,1,0
TXN0050985,CUST024247,2026-05-04,Post,33,1,0,1,US,Desktop,New,Low,160.27,1,40.85,0,0,0,0
TXN0062777,CUST007702,2026-05-21,Post,50,1,0,0,MX,Mobile,New,Medium,39.36,1,60.51,0,0,0,0
TXN0017175,CUST009116,2026-03-05,Pre,-27,0,0,0,MX,Mobile,New,Medium,136.02,1,161.72,0,0,0,0
TXN0032410,CUST008923,2026-04-01,Post,0,1,1,0,US,Mobile,New,Medium,192.26,1,64.12,0,0,0,0
TXN0043682,CUST018722,2026-04-21,Post,20,1,0,0,MX,Mobile,New,Low,48.23,1,27.66,0,0,0,0
TXN0038522,CUST011933,2026-04-12,Post,11,1,0,0,BR,Mobile,Existing,Low,90.07,1,78.56,0,1,0,0
TXN0059517,CUST016094,2026-05-15,Post,44,1,0,0,BR,Mobile,Existing,Low,19.58,1,32.17,0,0,0,0
TXN0060113,CUST023507,2026-05-17,Post,46,1,0,0,MX,Mobile,New,Low,246.53,1,75.7,0,0,0,0
TXN0055305,CUST005670,2026-05-09,Post,38,1,0,1,BR,Mobile,Existing,Low,197.83,1,48.19,0,0,0,0
TXN0004042,CUST023548,2026-02-08,Pre,-52,0,0,0,BR,Desktop,New,Low,216.16,1,28.12,0,0,0,0
TXN0037259,CUST003157,2026-04-10,Post,9,1,0,0,US,Mobile,New,High,174.8,1,137.72,1,0,0,0
TXN0021705,CUST024491,2026-03-13,Pre,-19,0,0,0,US,Desktop,New,Low,335.97,1,53.56,0,0,0,0
TXN0008955,CUST004904,2026-02-17,Pre,-43,0,0,0,BR,Mobile,Existing,Low,29.83,1,100.45,1,0,0,0
TXN0009541,CUST001367,2026-02-18,Pre,-42,0,0,0,CR,Mobile,New,Medium,20.24,0,152.66,1,0,1,0
TXN0025089,CUST008075,2026-03-19,Pre,-13,0,0,0,BR,Desktop,Existing,Low,60.98,1,86.18,1,0,0,0
TXN0050033,CUST004641,2026-05-02,Post,31,1,0,0,BR,Mobile,New,Medium,132.81,0,84.31,1,0,0,0
TXN0049782,CUST003745,2026-05-01,Post,30,1,0,0,US,Desktop,Existing,High,51.26,1,67.42,0,0,0,0
TXN0015300,CUST021868,2026-03-01,Pre,-31,0,0,0,US,Mobile,Existing,Low,20.82,1,88.43,0,0,1,0
TXN0007743,CUST014033,2026-02-15,Pre,-45,0,0,0,US,Mobile,Existing,Medium,138.56,1,126.94,0,0,0,0
TXN0066672,CUST002316,2026-05-28,Post,57,1,0,0,MX,Mobile,Existing,Low,75.96,1,125.54,0,0,0,0
TXN0018973,CUST011495,2026-03-08,Pre,-24,0,0,0,BR,Mobile,Existing,High,115.55,1,159.07,0,0,0,0
TXN0060035,CUST018281,2026-05-17,Post,46,1,0,0,MX,Mobile,New,Medium,43.05,0,46.01,0,0,0,0
TXN0064187,CUST001117,2026-05-24,Post,53,1,0,0,MX,Mobile,Existing,Low,127.4,1,31.84,0,0,0,0
TXN0030178,CUST007963,2026-03-28,Pre,-4,0,0,0,US,Desktop,New,Low,183.21,1,83.9,0,0,1,0
TXN0005732,CUST016769,2026-02-11,Pre,-49,0,0,0,US,Mobile,New,Medium,60.53,1,79.5,0,0,0,0
TXN0017120,CUST013623,2026-03-04,Pre,-28,0,0,0,BR,Desktop,Existing,Low,162.79,1,46.57,0,0,0,0
TXN0018454,CUST024909,2026-03-07,Pre,-25,0,0,0,US,Desktop,New,Low,17.59,1,33.64,0,0,1,0
TXN0066092,CUST013997,2026-05-27,Post,56,1,0,0,BR,Mobile,Existing,Low,289.24,1,44.58,0,0,0,0
TXN0011461,CUST015836,2026-02-22,Pre,-38,0,0,0,US,Mobile,Existing,Medium,32.71,1,80.52,0,0,0,0
TXN0023276,CUST019847,2026-03-16,Pre,-16,0,0,0,MX,Desktop,New,High,53.82,1,303.51,1,0,0,0
TXN0040091,CUST013599,2026-04-15,Post,14,1,0,0,MX,Mobile,New,Low,162.43,0,68.11,1,0,0,0
TXN0014661,CUST000108,2026-02-28,Pre,-32,0,0,0,US,Mobile,Existing,Low,42.97,1,139.8,0,0,0,0
TXN0024231,CUST008255,2026-03-18,Pre,-14,0,0,0,CR,Mobile,New,Low,99.48,1,103.82,1,0,0,0
TXN0034734,CUST001011,2026-04-06,Post,5,1,1,0,US,Mobile,New,Low,92.18,1,158.13,1,0,0,0
TXN0041079,CUST024803,2026-04-16,Post,15,1,0,0,US,Desktop,New,High,23.96,1,98.09,1,0,0,0
TXN0052199,CUST017998,2026-05-05,Post,34,1,0,1,MX,Mobile,New,High,68.01,0,7461.0,0,0,0,0
TXN0024436,CUST014262,2026-03-18,Pre,-14,0,0,0,US,Mobile,Existing,Low,182.21,1,112.89,0,0,1,0
TXN0037545,CUST015384,2026-04-10,Post,9,1,0,0,US,Mobile,New,Medium,22.3,1,102.07,0,0,0,0
TXN0024150,CUST023791,2026-03-18,Pre,-14,0,0,0,US,Desktop,Existing,Low,249.51,1,60.22,0,0,0,0
TXN0005664,CUST004633,2026-02-11,Pre,-49,0,0,0,US,Mobile,Existing,Medium,20.64,1,66.85,0,0,0,0
TXN0041254,CUST014171,2026-04-17,Post,16,1,0,0,MX,Desktop,New,Low,384.51,1,41.13,1,0,0,0
TXN0013233,CUST011504,2026-02-25,Pre,-35,0,0,0,BR,Mobile,New,Low,191.72,1,100.71,0,0,1,0
TXN0008447,CUST019463,2026-02-16,Pre,-44,0,0,0,US,Mobile,Existing,Medium,60.44,0,151.96,0,0,0,0
TXN0025403,CUST002211,2026-03-19,Pre,-13,0,0,0,US,Desktop,Existing,Medium,30.19,1,225.69,1,1,0,0
TXN0027061,CUST017678,2026-03-23,Pre,-9,0,0,0,CR,Mobile,Existing,Medium,21.36,0,119.5,1,0,0,0
TXN0063068,CUST012044,2026-05-22,Post,51,1,0,0,MX,Desktop,Existing,Low,56.33,1,29.59,0,0,0,0
TXN0000290,CUST020418,2026-02-01,Pre,-59,0,0,0,US,Mobile,Existing,High,51.31,1,102.79,0,0,0,0
TXN0039013,CUST023424,2026-04-13,Post,12,1,0,0,US,Mobile,New,Low,45.49,0,17.88,0,0,0,0
TXN0010111,CUST021723,2026-02-19,Pre,-41,0,0,0,BR,Desktop,Existing,Low,277.48,1,40.6,0,0,1,0
TXN0016376,CUST002741,2026-03-03,Pre,-29,0,0,0,US,Mobile,New,High,100.12,0,46.39,0,0,0,0
TXN0053163,CUST022651,2026-05-06,Post,35,1,0,1,BR,Mobile,New,Low,65.75,1,83.83,0,1,0,0
TXN0029367,CUST019200,2026-03-27,Pre,-5,0,0,0,US,Mobile,New,High,24.4,0,77.68,1,1,0,0
TXN0063895,CUST017374,2026-05-23,Post,52,1,0,0,BR,Mobile,Existing,Low,75.62,1,195.91,1,0,0,0
TXN0025553,CUST023984,2026-03-20,Pre,-12,0,0,0,MX,Mobile,Existing,Low,40.41,1,65.31,0,0,0,0
TXN0036375,CUST011093,2026-04-08,Post,7,1,0,0,CR,Mobile,Existing,Low,337.11,1,35.63,0,0,0,0
TXN0037404,CUST012735,2026-04-10,Post,9,1,0,0,US,Mobile,Existing,Low,160.39,1,22.78,0,0,0,0
TXN0031267,CUST004539,2026-03-30,Pre,-2,0,0,0,MX,Mobile,New,Low,79.45,1,49.44,0,0,0,0
TXN0067541,CUST024702,2026-05-29,Post,58,1,0,0,BR,Mobile,Existing,Low,283.97,1,65.63,0,0,0,0
TXN0032309,CUST010180,2026-04-01,Post,0,1,1,0,US,Mobile,New,Low,45.16,1,34.63,0,0,0,0
TXN0024844,CUST020487,2026-03-19,Pre,-13,0,0,0,BR,Mobile,New,High,34.37,1,241.77,1,1,0,0
TXN0050801,CUST008997,2026-05-03,Post,32,1,0,0,MX,Mobile,Existing,Low,25.73,1,111.76,1,0,1,0
TXN0040435,CUST008582,2026-04-15,Post,14,1,0,0,US,Desktop,New,Medium,77.39,0,36.0,0,0,0,0
TXN0026781,CUST021262,2026-03-22,Pre,-10,0,0,0,US,Mobile,New,Low,46.01,0,96.87,0,0,0,0
TXN0063548,CUST011611,2026-05-22,Post,51,1,0,0,MX,Mobile,Existing,High,22.34,1,111.12,0,0,0,0
TXN0016556,CUST003520,2026-03-03,Pre,-29,0,0,0,US,Mobile,New,Medium,91.06,1,152.93,0,0,0,0
TXN0044793,CUST015495,2026-04-23,Post,22,1,0,0,CR,Desktop,Existing,Low,221.59,1,28.23,0,0,0,0
TXN0053097,CUST017031,2026-05-06,Post,35,1,0,1,MX,Mobile,New,Low,64.04,1,39.36,0,0,0,0
TXN0034766,CUST016323,2026-04-06,Post,5,1,1,0,US,Mobile,Existing,Medium,160.08,1,43.75,0,0,0,1
TXN0064522,CUST005860,2026-05-24,Post,53,1,0,0,MX,Desktop,New,Low,106.14,1,56.86,0,0,0,0
TXN0032354,CUST011625,2026-04-01,Post,0,1,1,0,BR,Mobile,New,Low,58.17,1,58.06,0,0,0,0
TXN0043893,CUST003587,2026-04-21,Post,20,1,0,0,US,Desktop,New,Low,658.13,1,47.58,0,0,0,0
TXN0001743,CUST020516,2026-02-04,Pre,-56,0,0,0,US,Mobile,New,Medium,194.06,1,238.75,1,0,0,0
TXN0024877,CUST025299,2026-03-19,Pre,-13,0,0,0,BR,Mobile,Existing,Low,284.84,1,97.69,0,0,0,0
TXN0060598,CUST015262,2026-05-18,Post,47,1,0,0,MX,Mobile,New,Low,64.11,1,39.51,0,0,0,0
TXN0068491,CUST022618,2026-05-31,Post,60,1,0,0,US,Mobile,New,Low,85.84,1,53.26,1,0,0,0
TXN0019138,CUST010443,2026-03-08,Pre,-24,0,0,0,MX,Mobile,New,Low,93.48,1,98.09,0,0,0,0
TXN0066598,CUST023736,2026-05-28,Post,57,1,0,0,BR,Desktop,Existing,Medium,92.18,1,93.61,0,0,0,0
TXN0039501,CUST019583,2026-04-14,Post,13,1,0,0,BR,Mobile,New,Low,169.46,1,74.74,0,0,0,0
TXN0063792,CUST015681,2026-05-23,Post,52,1,0,0,CR,Mobile,Existing,Medium,103.45,1,68.74,0,0,0,0
TXN0054200,CUST001896,2026-05-07,Post,36,1,0,1,MX,Desktop,New,Low,71.93,1,58.21,0,0,0,0
TXN0036839,CUST011486,2026-04-09,Post,8,1,0,0,BR,Mobile,Existing,Medium,69.8,1,50.47,0,0,0,0
TXN0044880,CUST020139,2026-04-23,Post,22,1,0,0,BR,Mobile,New,Medium,43.7,1,54.84,0,0,0,0
TXN0032752,CUST005629,2026-04-02,Post,1,1,1,0,US,Mobile,New,Low,306.04,1,54.04,1,0,0,0
TXN0066403,CUST025248,2026-05-27,Post,56,1,0,0,BR,Desktop,Existing,Low,147.95,1,64.44,0,0,0,0
TXN0043624,CUST002399,2026-04-21,Post,20,1,0,0,US,Mobile,New,Medium,64.19,0,161.91,1,0,1,0
TXN0056841,CUST016842,2026-05-11,Post,40,1,0,0,MX,Mobile,Existing,Low,66.92,1,122.07,1,0,0,0
TXN0037697,CUST020891,2026-04-10,Post,9,1,0,0,CR,Mobile,New,High,45.73,1,35.02,0,0,0,0
TXN0031812,CUST023783,2026-03-31,Pre,-1,0,0,0,MX,Mobile,New,Low,301.87,1,144.16,1,0,0,0
TXN0067748,CUST003253,2026-05-30,Post,59,1,0,0,BR,Mobile,New,Low,125.79,1,59.32,0,0,0,0
TXN0053873,CUST021562,2026-05-07,Post,36,1,0,1,MX,Mobile,New,Low,184.53,1,36.95,0,0,0,0
TXN0035619,CUST014622,2026-04-07,Post,6,1,1,0,US,Mobile,New,Low,89.04,1,61.62,0,0,0,0
TXN0007302,CUST009733,2026-02-14,Pre,-46,0,0,0,US,Mobile,Existing,Low,66.37,0,49.64,0,0,1,0
TXN0009483,CUST002621,2026-02-18,Pre,-42,0,0,0,US,Mobile,Existing,Low,91.03,0,185.13,0,0,0,0
TXN0025896,CUST010680,2026-03-20,Pre,-12,0,0,0,US,Mobile,Existing,Medium,37.23,1,117.82,1,0,0,0
TXN0061400,CUST007792,2026-05-19,Post,48,1,0,0,BR,Desktop,New,Low,57.9,1,38.85,0,0,0,0
TXN0038136,CUST025350,2026-04-11,Post,10,1,0,0,MX,Mobile,Existing,Medium,48.85,1,75.47,0,0,0,0
TXN0002535,CUST025011,2026-02-05,Pre,-55,0,0,0,CR,Desktop,Existing,Low,32.45,0,83.27,0,0,0,0
TXN0024502,CUST022855,2026-03-18,Pre,-14,0,0,0,US,Desktop,Existing,Low,20.25,1,59.63,0,0,0,0
TXN0007231,CUST009665,2026-02-14,Pre,-46,0,0,0,US,Desktop,New,Low,42.99,1,65.05,0,0,0,0
TXN0022815,CUST002907,2026-03-15,Pre,-17,0,0,0,US,Desktop,Existing,Medium,70.16,1,321.79,1,0,0,0
TXN0009572,CUST022253,2026-02-18,Pre,-42,0,0,0,BR,Mobile,New,Medium,28.9,0,137.98,1,0,1,0
TXN0063735,CUST023704,2026-05-23,Post,52,1,0,0,US,Mobile,New,High,57.13,1,47.54,0,0,1,0
TXN0056425,CUST000640,2026-05-11,Post,40,1,0,0,US,Desktop,New,Medium,50.85,1,228.14,1,0,0,0
TXN0044827,CUST010087,2026-04-23,Post,22,1,0,0,BR,Desktop,Existing,Low,61.0,1,31.8,0,0,0,0
TXN0035365,CUST001061,2026-04-07,Post,6,1,1,0,BR,Mobile,Existing,Medium,205.19,1,73.84,1,1,0,0
TXN0056204,CUST003441,2026-05-10,Post,39,1,0,1,BR,Mobile,New,Low,90.64,1,79.41,0,0,1,0
TXN0000821,CUST023586,2026-02-02,Pre,-58,0,0,0,MX,Desktop,Existing,Low,193.44,1,182.78,0,0,0,0
TXN0026981,CUST022065,2026-03-23,Pre,-9,0,0,0,US,Desktop,New,High,11.69,0,218.71,1,0,1,0
TXN0009103,CUST021790,2026-02-18,Pre,-42,0,0,0,US,Mobile,Existing,Low,16.14,0,66.08,1,0,0,0
TXN0009735,CUST005721,2026-02-19,Pre,-41,0,0,0,MX,Mobile,Existing,Low,99.5,1,124.95,0,0,0,0
TXN0022064,CUST012892,2026-03-13,Pre,-19,0,0,0,MX,Desktop,Existing,High,28.84,1,124.42,0,0,0,0
TXN0049225,CUST009445,2026-04-30,Post,29,1,0,0,MX,Desktop,Existing,Low,63.83,1,128.98,1,0,0,0
TXN0056891,CUST015999,2026-05-11,Post,40,1,0,0,MX,Mobile,Existing,Medium,90.72,1,55.6,0,0,0,0
TXN0005836,CUST009615,2026-02-11,Pre,-49,0,0,0,CR,Desktop,New,Medium,70.08,1,185.35,1,0,0,0
TXN0019326,CUST009425,2026-03-09,Pre,-23,0,0,0,BR,Mobile,New,Medium,41.23,1,102.85,1,0,0,0
TXN0026372,CUST019615,2026-03-21,Pre,-11,0,0,0,US,Desktop,New,Low,20.16,1,44.39,0,0,1,0
TXN0046889,CUST012710,2026-04-27,Post,26,1,0,0,US,Desktop,Existing,Low,170.98,1,32.8,0,0,0,0
TXN0043127,CUST008739,2026-04-20,Post,19,1,0,0,BR,Mobile,Existing,Medium,126.08,1,70.82,0,0,0,0
TXN0061540,CUST001419,2026-05-19,Post,48,1,0,0,US,Mobile,New,Medium,39.18,0,37.59,0,0,0,0
TXN0059133,CUST009656,2026-05-15,Post,44,1,0,0,US,Mobile,New,Medium,60.63,1,210.22,0,0,0,0
TXN0042718,CUST021826,2026-04-19,Post,18,1,0,0,US,Mobile,Existing,Low,313.8,1,26.74,0,0,0,0
TXN0058402,CUST024875,2026-05-14,Post,43,1,0,0,US,Mobile,Existing,Medium,97.55,0,61.97,0,0,0,0
TXN0064783,CUST015847,2026-05-25,Post,54,1,0,0,MX,Desktop,New,Low,28.7,1,89.88,0,0,0,1
TXN0026234,CUST009468,2026-03-21,Pre,-11,0,0,0,BR,Mobile,New,Low,160.22,0,114.15,0,1,0,0
TXN0006178,CUST008940,2026-02-12,Pre,-48,0,0,0,BR,Mobile,New,Low,49.36,1,32.52,0,0,0,0
TXN0064496,CUST006222,2026-05-24,Post,53,1,0,0,BR,Mobile,New,Medium,120.38,0,141.45,1,0,0,0
TXN0007656,CUST006837,2026-02-15,Pre,-45,0,0,0,US,Desktop,New,Low,166.21,1,198.79,0,0,0,0
TXN0018964,CUST021628,2026-03-08,Pre,-24,0,0,0,US,Mobile,New,Medium,157.6,1,41.49,0,0,0,0
TXN0017050,CUST016988,2026-03-04,Pre,-28,0,0,0,BR,Mobile,Existing,Medium,131.17,1,85.14,0,0,0,0
TXN0021762,CUST018840,2026-03-13,Pre,-19,0,0,0,CR,Mobile,New,High,178.71,0,257.67,1,1,0,0
TXN0044606,CUST005658,2026-04-22,Post,21,1,0,0,US,Mobile,New,Medium,46.61,1,56.88,1,0,0,0
TXN0061903,CUST017704,2026-05-20,Post,49,1,0,0,US,Mobile,Existing,Medium,18.25,1,40.3,0,0,0,0
TXN0030354,CUST010320,2026-03-29,Pre,-3,0,0,0,US,Desktop,Existing,Medium,16.15,1,144.04,1,0,0,0
TXN0058848,CUST022037,2026-05-14,Post,43,1,0,0,US,Desktop,Existing,High,106.18,1,54.89,0,1,0,0
TXN0042201,CUST013194,2026-04-18,Post,17,1,0,0,CR,Mobile,Existing,High,38.83,1,109.84,1,0,0,0
TXN0053334,CUST021906,2026-05-06,Post,35,1,0,1,US,Mobile,New,Medium,199.91,1,49.38,0,0,0,0
TXN0046982,CUST009184,2026-04-27,Post,26,1,0,0,US,Mobile,Existing,Medium,28.53,1,153.3,1,0,0,0
TXN0032297,CUST003104,2026-04-01,Post,0,1,1,0,US,Desktop,Existing,Medium,35.68,1,152.16,1,0,0,0
TXN0005151,CUST012613,2026-02-10,Pre,-50,0,0,0,US,Mobile,Existing,Low,56.1,0,120.55,0,0,0,0
TXN0048625,CUST009804,2026-04-29,Post,28,1,0,0,US,Desktop,New,Medium,36.02,1,51.66,0,0,0,0
TXN0055457,CUST021964,2026-05-09,Post,38,1,0,1,MX,Desktop,New,Low,28.45,1,88.53,1,0,0,0
TXN0027924,CUST021779,2026-03-24,Pre,-8,0,0,0,US,Desktop,Existing,Medium,42.09,1,132.69,1,0,0,0
TXN0053144,CUST001279,2026-05-06,Post,35,1,0,1,MX,Mobile,New,Medium,42.21,1,70.85,0,0,1,0
TXN0033179,CUST010444,2026-04-03,Post,2,1,1,0,US,Mobile,Existing,Low,140.14,1,40.93,0,0,0,0
TXN0017550,CUST001474,2026-03-05,Pre,-27,0,0,0,US,Mobile,Existing,Low,121.45,1,70.15,0,0,0,0
TXN0013998,CUST010774,2026-02-27,Pre,-33,0,0,0,cr,Mobile,Existing,Medium,101.31,1,233.73,1,0,0,1
TXN0032436,CUST011381,2026-04-01,Post,0,1,1,0,US,Mobile,Existing,Medium,225.97,1,27.52,0,0,0,0
TXN0008172,CUST020373,2026-02-16,Pre,-44,0,0,0,CR,Mobile,Existing,Medium,89.48,1,141.87,1,1,0,0
TXN0043331,CUST011476,2026-04-20,Post,19,1,0,0,US,Mobile,New,Low,103.22,1,42.69,0,0,0,0
TXN0062390,CUST004613,2026-05-21,Post,50,1,0,0,US,Mobile,New,Low,154.81,0,49.35,0,0,0,0
TXN0007585,CUST013993,2026-02-15,Pre,-45,0,0,0,US,Desktop,New,Low,79.04,1,135.86,1,0,0,0
TXN0018489,CUST025792,2026-03-07,Pre,-25,0,0,0,US,Mobile,New,Medium,82.63,1,178.97,1,0,0,0
TXN0007920,CUST018031,2026-02-16,Pre,-44,0,0,0,US,Mobile,New,Low,112.05,0,97.25,0,0,0,0
TXN0054922,CUST006175,2026-05-08,Post,37,1,0,1,US,Desktop,Existing,Medium,61.82,1,33.21,0,0,0,0
TXN0039009,CUST003190,2026-04-13,Post,12,1,0,0,US,Mobile,New,Low,35.65,1,19.71,0,0,0,0
TXN0020117,CUST011338,2026-03-10,Pre,-22,0,0,0,US,Desktop,Existing,Low,279.74,1,77.83,0,0,0,0
TXN0044167,CUST013399,2026-04-22,Post,21,1,0,0,US,Desktop,Existing,Medium,144.15,0,60.1,1,0,0,0
TXN0014419,CUST007999,2026-02-27,Pre,-33,0,0,0,BR,Mobile,New,High,36.46,1,164.76,1,0,0,0
TXN0045355,CUST022895,2026-04-24,Post,23,1,0,0,US,Desktop,New,High,22.18,1,129.42,0,0,0,0
TXN0039225,CUST002696,2026-04-13,Post,12,1,0,0,CR,Mobile,New,Low,252.11,1,30.42,0,0,0,0
TXN0036623,CUST016805,2026-04-09,Post,8,1,0,0,BR,Desktop,New,High,95.01,1,133.05,1,1,0,0
TXN0018302,CUST013197,2026-03-06,Pre,-26,0,0,0,MX,Desktop,Existing,Medium,105.04,1,110.24,0,0,0,0
TXN0033970,CUST015738,2026-04-04,Post,3,1,1,0,US,Desktop,Existing,Low,90.1,1,72.94,0,0,0,0
TXN0056952,CUST003238,2026-05-11,Post,40,1,0,0,US,Desktop,Existing,High,27.68,1,155.42,1,0,0,0
TXN0011716,CUST002797,2026-02-23,Pre,-37,0,0,0,BR,Mobile,New,Low,239.85,1,41.79,0,0,0,0
TXN0037210,CUST022896,2026-04-10,Post,9,1,0,0,US,Mobile,Existing,Medium,26.1,1,33.48,0,0,0,0
TXN0016621,CUST016836,2026-03-04,Pre,-28,0,0,0,US,Mobile,New,Low,356.07,1,146.51,0,0,0,0
TXN0024197,CUST021153,2026-03-18,Pre,-14,0,0,0,CR,Mobile,New,Medium,71.35,0,117.24,0,0,0,0
TXN0044527,CUST004068,2026-04-22,Post,21,1,0,0,US,Mobile,New,Low,36.44,1,80.51,0,0,0,0
TXN0052552,CUST011759,2026-05-05,Post,34,1,0,1,US,Mobile,New,Medium,73.35,1,165.83,0,0,0,0
TXN0007155,CUST002274,2026-02-14,Pre,-46,0,0,0,MX,Desktop,New,Medium,59.75,1,26.71,0,1,0,0
TXN0034696,CUST016130,2026-04-06,Post,5,1,1,0,US,Mobile,New,Medium,40.74,1,40.83,0,0,0,0
TXN0039429,CUST008650,2026-04-14,Post,13,1,0,0,MX,Mobile,Existing,Low,34.85,1,45.53,0,0,0,0
TXN0040107,CUST015232,2026-04-15,Post,14,1,0,0,MX,Desktop,Existing,Medium,255.56,1,75.28,0,0,0,0
TXN0029583,CUST017976,2026-03-27,Pre,-5,0,0,0,BR,Desktop,New,Low,147.34,1,114.06,0,0,0,0
TXN0063081,CUST016919,2026-05-22,Post,51,1,0,0,MX,Desktop,Existing,Low,76.07,1,117.05,0,0,0,0
TXN0010895,CUST010004,2026-02-21,Pre,-39,0,0,0,US,Desktop,Existing,Low,134.87,1,112.05,0,0,0,0
TXN0029625,CUST009677,2026-03-27,Pre,-5,0,0,0,US,Mobile,Existing,Medium,134.56,1,109.21,0,0,0,0
TXN0061378,CUST004417,2026-05-19,Post,48,1,0,0,US,Mobile,Existing,Medium,29.31,1,55.41,0,0,0,0
TXN0044291,CUST024158,2026-04-22,Post,21,1,0,0,US,Mobile,New,Low,40.44,0,46.38,0,0,0,0
TXN0038008,CUST023463,2026-04-11,Post,10,1,0,0,US,Mobile,Existing,Low,11.28,0,66.71,0,0,0,0
TXN0067322,CUST002133,2026-05-29,Post,58,1,0,0,US,Mobile,Existing,Medium,160.69,1,87.29,1,0,0,0
TXN0053714,CUST002386,2026-05-07,Post,36,1,0,1,mx,Desktop,New,Low,102.72,1,32.41,0,0,0,0
TXN0039103,CUST021912,2026-04-13,Post,12,1,0,0,BR,Mobile,Existing,High,29.9,0,131.6,0,0,0,0
TXN0040534,CUST023017,2026-04-15,Post,14,1,0,0,MX,Desktop,New,Medium,12.68,1,90.07,0,0,0,0
TXN0053202,CUST008472,2026-05-06,Post,35,1,0,1,BR,Mobile,New,Medium,95.16,1,172.67,0,0,0,0
TXN0050026,CUST018321,2026-05-02,Post,31,1,0,0,MX,Mobile,New,Medium,252.51,0,44.58,0,0,0,0
TXN0049173,CUST012446,2026-04-30,Post,29,1,0,0,US,Mobile,Existing,Low,296.27,1,59.06,0,0,0,0
TXN0043143,CUST014848,2026-04-20,Post,19,1,0,0,US,Mobile,New,Low,202.1,1,45.85,0,0,0,0
TXN0013997,CUST020018,2026-02-27,Pre,-33,0,0,0,MX,Desktop,Existing,Low,35.72,1,199.49,1,0,0,0
TXN0062275,CUST024506,2026-05-20,Post,49,1,0,0,MX,Mobile,New,Medium,268.6,1,49.71,0,0,0,0
TXN0066503,CUST010754,2026-05-27,Post,56,1,0,0,US,Mobile,New,Low,249.78,1,31.98,0,0,0,0
TXN0033323,CUST013245,2026-04-03,Post,2,1,1,0,MX,Mobile,Existing,Low,20.32,1,43.34,0,0,0,0
TXN0055750,CUST001357,2026-05-10,Post,39,1,0,1,US,Mobile,Existing,Medium,106.01,1,45.34,0,0,0,0
TXN0001707,CUST013839,2026-02-04,Pre,-56,0,0,0,BR,Mobile,New,Medium,39.82,1,97.89,0,0,0,0
TXN0043292,CUST016893,2026-04-20,Post,19,1,0,0,MX,Desktop,Existing,Medium,533.65,0,24.37,0,0,0,0
TXN0064991,CUST012097,2026-05-25,Post,54,1,0,0,US,Mobile,New,Low,161.17,1,7283.0,1,0,0,0
TXN0044228,CUST022753,2026-04-22,Post,21,1,0,0,US,Mobile,New,High,290.97,1,174.42,1,0,0,0
TXN0061594,CUST007115,2026-05-19,Post,48,1,0,0,US,Mobile,Existing,High,113.94,1,122.35,0,0,1,1
TXN0024816,CUST024185,2026-03-19,Pre,-13,0,0,0,MX,Desktop,Existing,Low,44.11,1,-5.0,0,0,0,0
TXN0066853,CUST013399,2026-05-28,Post,57,1,0,0,CR,Mobile,New,Low,109.71,1,37.81,0,0,0,0
TXN0034366,CUST019162,2026-04-05,Post,4,1,1,0,BR,Desktop,New,Medium,160.49,1,58.13,0,0,0,0
TXN0065620,CUST021779,2026-05-26,Post,55,1,0,0,US,Mobile,New,Medium,112.07,1,96.76,0,1,0,0
TXN0022286,CUST003148,2026-03-14,Pre,-18,0,0,0,CR,Mobile,New,Medium,105.98,1,67.68,0,0,0,0
TXN0039814,CUST023337,2026-04-14,Post,13,1,0,0,BR,Mobile,New,Low,32.76,1,39.32,0,0,0,0
TXN0009728,CUST004596,2026-02-19,Pre,-41,0,0,0,BR,Desktop,Existing,Low,59.62,0,109.01,1,0,0,0
TXN0061330,CUST024063,2026-05-19,Post,48,1,0,0,MX,Mobile,Existing,Medium,94.73,1,119.17,0,0,0,0
TXN0065140,CUST004129,2026-05-25,Post,54,1,0,0,US,Mobile,Existing,Low,150.5,1,63.02,0,0,0,0
TXN0059095,CUST022662,2026-05-15,Post,44,1,0,0,US,Desktop,Existing,Medium,195.09,1,64.83,0,0,0,0
TXN0060795,CUST013151,2026-05-18,Post,47,1,0,0,MX,Desktop,Existing,Medium,47.32,1,94.5,1,1,0,0
TXN0041405,CUST016491,2026-04-17,Post,16,1,0,0,BR,Mobile,New,Low,196.27,1,36.82,0,0,0,0
TXN0029983,CUST009830,2026-03-28,Pre,-4,0,0,0,BR,Mobile,Existing,Low,152.47,1,35.73,0,0,0,0
TXN0000251,CUST006248,2026-02-01,Pre,-59,0,0,0,US,Desktop,Existing,Low,20.47,1,104.32,1,0,0,0
TXN0030941,CUST012994,2026-03-30,Pre,-2,0,0,0,MX,Mobile,New,Low,401.67,1,70.92,0,0,0,0
TXN0009640,CUST008670,2026-02-19,Pre,-41,0,0,0,BR,Desktop,Existing,Low,18.62,1,52.64,0,0,0,0
TXN0036015,CUST013535,2026-04-08,Post,7,1,0,0,US,Mobile,New,Low,22.58,0,39.79,0,1,0,1
TXN0005530,CUST008474,2026-02-11,Pre,-49,0,0,0,US,Desktop,Existing,Medium,474.67,1,108.94,0,0,0,0
TXN0028120,CUST023772,2026-03-25,Pre,-7,0,0,0,US,Mobile,New,Low,230.24,1,143.97,1,0,0,0
TXN0012170,CUST025787,2026-02-23,Pre,-37,0,0,0,US,Desktop,Existing,Low,385.7,1,122.57,0,0,0,0
TXN0039136,CUST010499,2026-04-13,Post,12,1,0,0,MX,Mobile,New,Low,72.02,1,68.88,0,0,0,0
TXN0049237,CUST000125,2026-04-30,Post,29,1,0,0,MX,Mobile,Existing,Low,60.31,1,29.16,0,0,0,0
TXN0004373,CUST008491,2026-02-09,Pre,-51,0,0,0,MX,Desktop,New,Low,188.54,1,100.44,0,0,0,0
TXN0051594,CUST022185,2026-05-04,Post,33,1,0,1,MX,Mobile,New,Medium,87.53,1,133.14,0,1,0,0
TXN0037267,CUST015297,2026-04-10,Post,9,1,0,0,US,Mobile,New,Low,80.2,1,68.38,0,0,0,0
TXN0014745,CUST002627,2026-02-28,Pre,-32,0,0,0,US,Mobile,Existing,Medium,114.1,1,113.55,0,0,0,0
TXN0018180,CUST018029,2026-03-06,Pre,-26,0,0,0,US,Desktop,Existing,Medium,168.37,1,51.97,0,0,0,0
TXN0053189,CUST024746,2026-05-06,Post,35,1,0,1,US,Mobile,New,Low,92.01,1,69.96,1,0,0,0
TXN0068597,CUST016063,2026-05-31,Post,60,1,0,0,BR,Mobile,Existing,Medium,95.83,1,96.53,1,1,0,0
TXN0039150,CUST018734,2026-04-13,Post,12,1,0,0,MX,Mobile,New,Low,65.83,1,82.66,0,0,0,0
TXN0021878,CUST011378,2026-03-13,Pre,-19,0,0,0,US,Mobile,Existing,Low,68.34,1,153.72,1,0,0,0
TXN0025012,CUST017918,2026-03-19,Pre,-13,0,0,0,US,Desktop,Existing,Medium,143.36,1,41.85,0,0,0,0
TXN0031107,CUST025998,2026-03-30,Pre,-2,0,0,0,MX,Mobile,New,Medium,51.43,1,92.71,1,0,0,0
TXN0000185,CUST014228,2026-02-01,Pre,-59,0,0,0,MX,Desktop,Existing,Medium,81.82,1,222.85,1,0,0,0
TXN0035076,CUST010894,2026-04-06,Post,5,1,1,0,US,Mobile,New,Low,66.83,1,97.7,0,0,0,0
TXN0047512,CUST011887,2026-04-28,Post,27,1,0,0,US,Mobile,New,Low,14.49,1,24.47,0,0,0,0
TXN0028881,CUST016716,2026-03-26,Pre,-6,0,0,0,BR,Mobile,Existing,Low,39.76,0,68.04,0,0,1,0
TXN0052483,CUST010202,2026-05-05,Post,34,1,0,1,MX,Mobile,Existing,Low,115.0,1,100.14,0,0,0,0
TXN0007053,CUST025331,2026-02-13,Pre,-47,0,0,0,BR,Mobile,Existing,High,257.37,0,76.39,1,0,0,0
TXN0057424,CUST009896,2026-05-12,Post,41,1,0,0,US,Mobile,New,High,103.55,1,183.26,1,0,0,0
TXN0055413,CUST024514,2026-05-09,Post,38,1,0,1,BR,Mobile,New,Medium,138.72,0,44.84,0,0,0,0
TXN0020738,CUST015139,2026-03-11,Pre,-21,0,0,0,US,Mobile,New,High,193.56,1,368.41,1,0,0,0
TXN0010244,CUST022299,2026-02-20,Pre,-40,0,0,0,BR,Mobile,New,Low,80.46,1,149.08,0,0,0,0
TXN0003451,CUST005488,2026-02-07,Pre,-53,0,0,0,US,Mobile,Existing,Medium,82.65,1,204.44,0,0,0,0
TXN0043345,CUST021527,2026-04-20,Post,19,1,0,0,MX,Desktop,Existing,Low,63.91,1,48.82,0,0,0,0
TXN0001750,CUST015229,2026-02-04,Pre,-56,0,0,0,BR,Desktop,New,Low,13.57,1,92.74,0,0,0,0
TXN0055687,CUST002086,2026-05-09,Post,38,1,0,1,US,Mobile,New,Low,87.9,0,38.69,0,0,0,0
TXN0056158,CUST022362,2026-05-10,Post,39,1,0,1,US,Desktop,Existing,Low,26.94,1,57.38,0,0,0,0
TXN0025018,CUST021928,2026-03-19,Pre,-13,0,0,0,US,Desktop,Existing,Low,89.36,1,77.55,0,0,0,0
TXN0031170,CUST004370,2026-03-30,Pre,-2,0,0,0,MX,Desktop,Existing,Low,209.37,0,61.44,1,0,0,0
TXN0003087,CUST017634,2026-02-06,Pre,-54,0,0,0,BR,Mobile,Existing,Medium,49.75,1,24.24,0,0,0,0
TXN0021531,CUST024917,2026-03-12,Pre,-20,0,0,0,US,Mobile,Existing,High,16.26,1,51.69,0,0,0,0
TXN0022154,CUST009981,2026-03-14,Pre,-18,0,0,0,BR,Mobile,Existing,Low,113.63,1,63.8,0,0,0,0
TXN0027710,CUST024445,2026-03-24,Pre,-8,0,0,0,US,Mobile,New,Medium,75.88,1,87.16,0,0,0,0
TXN0020525,CUST001013,2026-03-11,Pre,-21,0,0,0,US,Mobile,Existing,Low,48.36,1,78.74,0,1,0,0
TXN0009794,CUST024540,2026-02-19,Pre,-41,0,0,0,BR,Mobile,New,Medium,55.59,1,106.2,1,0,0,0
TXN0050356,CUST004196,2026-05-02,Post,31,1,0,0,MX,Mobile,Existing,Medium,50.82,1,94.9,0,0,0,0
TXN0063199,CUST020953,2026-05-22,Post,51,1,0,0,US,Mobile,Existing,Low,176.72,1,59.26,0,0,0,0
TXN0062778,CUST018693,2026-05-21,Post,50,1,0,0,BR,Mobile,New,Medium,33.8,1,38.97,0,0,0,0
TXN0054857,CUST002657,2026-05-08,Post,37,1,0,1,US,Mobile,New,Medium,38.6,1,71.45,1,0,0,0
TXN0052287,CUST021110,2026-05-05,Post,34,1,0,1,MX,Mobile,New,Medium,111.74,1,26.86,0,0,0,0
TXN0004259,CUST010951,2026-02-09,Pre,-51,0,0,0,BR,Mobile,New,Low,239.13,1,126.36,0,0,0,0
TXN0011673,CUST022606,2026-02-23,Pre,-37,0,0,0,MX,Mobile,Existing,Low,37.95,1,25.7,0,1,0,0
TXN0017320,CUST014906,2026-03-05,Pre,-27,0,0,0,US,Desktop,New,Low,113.43,0,91.18,0,0,0,0
TXN0004600,CUST003469,2026-02-09,Pre,-51,0,0,0,MX,Mobile,Existing,Medium,55.79,0,212.93,1,0,0,0
TXN0030037,CUST010393,2026-03-28,Pre,-4,0,0,0,CR,Mobile,New,Medium,72.39,0,136.33,0,1,0,0
TXN0062088,CUST003335,2026-05-20,Post,49,1,0,0,US,Mobile,Existing,Low,388.7,1,29.17,0,1,0,0
TXN0029869,CUST010078,2026-03-28,Pre,-4,0,0,0,US,Mobile,Existing,High,107.38,1,52.48,0,0,0,0
TXN0065731,CUST016772,2026-05-26,Post,55,1,0,0,CR,Mobile,Existing,Medium,205.67,1,92.33,1,0,0,0
TXN0010563,CUST009975,2026-02-20,Pre,-40,0,0,0,US,Desktop,Existing,Low,116.46,1,32.37,0,0,1,0
TXN0047571,CUST007552,2026-04-28,Post,27,1,0,0,US,Mobile,New,Medium,56.76,1,52.06,0,0,0,0
TXN0061981,CUST001822,2026-05-20,Post,49,1,0,0,MX,Desktop,Existing,Low,37.77,1,73.45,0,1,0,0
TXN0061048,CUST017115,2026-05-18,Post,47,1,0,0,MX,Mobile,Existing,Low,97.25,1,64.06,0,0,0,0
TXN0054751,CUST009894,2026-05-08,Post,37,1,0,1,BR,Mobile,New,Medium,71.24,1,38.07,0,0,0,0
TXN0000569,CUST005650,2026-02-02,Pre,-58,0,0,0,US,Mobile,New,Low,82.88,1,100.92,0,0,0,0
TXN0002405,CUST002292,2026-02-05,Pre,-55,0,0,0,MX,Desktop,Existing,Low,135.34,1,103.97,0,0,0,0
TXN0022482,CUST003448,2026-03-14,Pre,-18,0,0,0,MX,Mobile,New,Low,37.76,1,60.17,1,0,0,0
TXN0015309,CUST005163,2026-03-01,Pre,-31,0,0,0,US,Mobile,Existing,High,44.32,1,260.96,1,1,0,0
TXN0005245,CUST006602,2026-02-10,Pre,-50,0,0,0,MX,Mobile,Existing,Low,119.77,0,64.61,0,0,0,0
TXN0016292,CUST024305,2026-03-03,Pre,-29,0,0,0,US,Mobile,Existing,Low,87.32,0,79.1,0,0,0,0
TXN0041037,CUST005507,2026-04-16,Post,15,1,0,0,BR,Mobile,Existing,Low,221.95,0,59.18,0,0,0,0
TXN0043311,CUST009854,2026-04-20,Post,19,1,0,0,US,Mobile,New,Medium,34.37,1,79.07,1,0,0,0
TXN0013700,CUST023138,2026-02-26,Pre,-34,0,0,0,MX,Mobile,Existing,Medium,81.39,1,118.6,0,0,0,0
TXN0041698,CUST023042,2026-04-17,Post,16,1,0,0,US,Mobile,Existing,Medium,49.38,0,71.82,0,0,0,0
TXN0035030,CUST023206,2026-04-06,Post,5,1,1,0,US,Mobile,Existing,Low,98.39,1,25.25,0,0,0,0
TXN0062771,CUST000009,2026-05-21,Post,50,1,0,0,MX,Mobile,Existing,Low,277.53,1,9.45,0,0,0,0
TXN0061590,CUST002750,2026-05-19,Post,48,1,0,0,US,Mobile,Existing,High,70.31,0,137.02,1,0,0,0
TXN0043112,CUST017598,2026-04-20,Post,19,1,0,0,BR,Mobile,Existing,Medium,146.82,1,82.15,0,0,1,0
TXN0065721,CUST011457,2026-05-26,Post,55,1,0,0,US,Mobile,Existing,Low,189.59,0,38.7,0,0,1,0
TXN0012215,CUST017053,2026-02-23,Pre,-37,0,0,0,MX,Mobile,Existing,Low,47.12,1,282.63,0,0,0,0
TXN0028126,CUST000174,2026-03-25,Pre,-7,0,0,0,US,Mobile,Existing,Low,39.94,1,38.38,0,0,0,0
TXN0019540,CUST018106,2026-03-09,Pre,-23,0,0,0,MX,Mobile,Existing,High,13.47,0,83.89,0,0,0,0
TXN0028366,CUST020407,2026-03-25,Pre,-7,0,0,0,US,Mobile,Existing,Low,110.09,1,43.61,0,0,0,0
TXN0065692,CUST005161,2026-05-26,Post,55,1,0,0,MX,Mobile,New,Medium,151.16,1,57.29,0,0,0,0
TXN0006235,CUST005195,2026-02-12,Pre,-48,0,0,0,US,Desktop,New,Low,59.48,1,128.45,0,0,0,0
TXN0040201,CUST016736,2026-04-15,Post,14,1,0,0,BR,Desktop,Existing,High,183.08,1,149.45,1,0,0,0
TXN0025340,CUST009183,2026-03-19,Pre,-13,0,0,0,BR,Mobile,Existing,Low,583.4,1,98.91,0,0,0,0
TXN0061269,CUST012545,2026-05-19,Post,48,1,0,0,US,Mobile,Existing,Low,103.71,1,26.19,0,0,0,0
TXN0049880,CUST001701,2026-05-01,Post,30,1,0,0,US,Mobile,New,Medium,84.52,1,54.2,0,0,0,0
TXN0013546,CUST025619,2026-02-26,Pre,-34,0,0,0,MX,Mobile,Existing,Low,88.93,1,82.4,0,0,0,0
TXN0016502,CUST021551,2026-03-03,Pre,-29,0,0,0,CR,Mobile,Existing,Low,62.4,1,51.65,0,0,0,0
TXN0016698,CUST017335,2026-03-04,Pre,-28,0,0,0,US,Mobile,Existing,Low,48.93,1,114.07,0,0,0,0
TXN0060994,CUST007534,2026-05-18,Post,47,1,0,0,MX,Desktop,New,Low,51.29,1,33.81,0,0,0,0
TXN0008161,CUST018400,2026-02-16,Pre,-44,0,0,0,CR,Mobile,Existing,Low,20.33,1,119.3,0,0,0,0
TXN0061823,CUST000562,2026-05-20,Post,49,1,0,0,US,Mobile,Existing,Medium,280.67,1,163.79,1,0,0,0
TXN0042483,CUST021949,2026-04-19,Post,18,1,0,0,US,Mobile,Existing,High,64.18,1,86.86,1,0,0,0
TXN0026936,CUST000601,2026-03-22,Pre,-10,0,0,0,CR,Mobile,New,Low,358.84,1,56.54,0,0,0,0
TXN0022415,CUST002761,2026-03-14,Pre,-18,0,0,0,MX,Desktop,New,Medium,353.92,0,72.54,0,1,0,0
TXN0017302,CUST015227,2026-03-05,Pre,-27,0,0,0,BR,Mobile,Existing,Low,349.14,1,93.8,0,0,1,0
TXN0000200,CUST021934,2026-02-01,Pre,-59,0,0,0,CR,Mobile,New,Low,40.87,1,90.31,0,0,0,0
TXN0007035,CUST015826,2026-02-13,Pre,-47,0,0,0,US,Mobile,Existing,Low,103.77,1,29.03,0,0,0,0
TXN0045690,CUST006946,2026-04-24,Post,23,1,0,0,MX,Mobile,New,Medium,46.85,0,59.94,0,0,1,0
TXN0044940,CUST004525,2026-04-23,Post,22,1,0,0,US,Mobile,Existing,Low,118.84,1,19.32,0,0,0,0
TXN0009662,CUST015595,2026-02-19,Pre,-41,0,0,0,US,Mobile,Existing,Medium,42.6,1,50.52,0,0,0,0
TXN0035093,CUST006281,2026-04-06,Post,5,1,1,0,US,Mobile,New,Low,79.47,1,76.51,0,0,0,0
TXN0037091,CUST012188,2026-04-09,Post,8,1,0,0,CR,Desktop,New,Medium,17.48,1,221.2,1,0,0,0
TXN0001540,CUST020667,2026-02-03,Pre,-57,0,0,0,MX,Mobile,New,Low,110.32,1,83.03,0,0,0,0
TXN0057515,CUST023700,2026-05-12,Post,41,1,0,0,BR,Mobile,New,Medium,204.83,1,51.61,0,0,0,0
TXN0009547,CUST016120,2026-02-18,Pre,-42,0,0,0,CR,Desktop,New,High,30.17,0,93.31,0,0,0,0
TXN0033755,CUST018078,2026-04-03,Post,2,1,1,0,MX,Desktop,Existing,Medium,73.21,1,67.23,0,0,0,0
TXN0022922,CUST003252,2026-03-15,Pre,-17,0,0,0,MX,Mobile,Existing,Medium,78.34,1,161.19,1,0,0,0
TXN0022621,CUST008399,2026-03-15,Pre,-17,0,0,0,US,Desktop,Existing,Medium,91.1,1,67.18,1,0,0,0
TXN0061204,CUST011423,2026-05-19,Post,48,1,0,0,CR,Mobile,New,Low,58.37,1,44.31,0,0,0,0
TXN0054778,CUST014570,2026-05-08,Post,37,1,0,1,US,Mobile,Existing,High,60.07,1,39.89,0,0,0,0
TXN0018978,CUST012318,2026-03-08,Pre,-24,0,0,0,US,Mobile,Existing,High,151.74,0,208.55,1,0,1,0
TXN0000404,CUST024188,2026-02-02,Pre,-58,0,0,0,MX,Mobile,Existing,Low,106.41,1,56.99,0,0,0,0
TXN0006366,CUST018201,2026-02-12,Pre,-48,0,0,0,US,Mobile,New,Low,22.57,1,110.1,0,0,0,0
TXN0052199,CUST017998,2026-05-05,Post,34,1,0,1,MX,Mobile,New,High,68.01,0,132.1,0,0,0,0
TXN0059567,CUST025163,2026-05-15,Post,44,1,0,0,MX,Mobile,New,Medium,85.13,1,-5.0,0,1,0,0
TXN0035878,CUST004300,2026-04-07,Post,6,1,1,0,US,Mobile,Existing,Low,48.95,1,82.14,0,0,0,0
TXN0032875,CUST009261,2026-04-02,Post,1,1,1,0,US,Mobile,Existing,Medium,114.57,1,186.9,0,0,0,0
TXN0058881,CUST024667,2026-05-14,Post,43,1,0,0,US,Desktop,New,Low,36.95,1,72.36,0,1,0,0
TXN0001032,CUST007802,2026-02-03,Pre,-57,0,0,0,CR,Mobile,New,Low,25.64,0,58.61,0,0,0,0
TXN0034096,CUST022552,2026-04-04,Post,3,1,1,0,BR,Mobile,New,Low,64.62,1,97.26,0,0,0,0
TXN0021458,CUST002024,2026-03-12,Pre,-20,0,0,0,BR,Desktop,Existing,Medium,152.64,1,74.72,0,0,0,0
TXN0013813,CUST018311,2026-02-26,Pre,-34,0,0,0,US,Mobile,Existing,Medium,52.37,0,135.62,0,0,0,0
TXN0038947,CUST013306,2026-04-13,Post,12,1,0,0,BR,Mobile,Existing,Low,42.08,1,35.39,0,0,0,0
TXN0002405,CUST002292,2026-02-05,Pre,-55,0,0,0,MX,Desktop,Existing,Low,135.34,1,103.97,0,0,0,0
TXN0058538,CUST019878,2026-05-14,Post,43,1,0,0,MX,Mobile,Existing,Low,19.51,1,35.75,0,0,0,0
TXN0033776,CUST021047,2026-04-04,Post,3,1,1,0,US,Mobile,Existing,Low,54.6,0,39.76,0,0,0,0
TXN0037283,CUST005872,2026-04-10,Post,9,1,0,0,BR,Desktop,Existing,Low,23.02,1,56.1,0,0,0,0
TXN0018205,CUST010398,2026-03-06,Pre,-26,0,0,0,US,Mobile,Existing,Medium,48.52,1,165.82,0,0,0,0
TXN0066548,CUST022817,2026-05-27,Post,56,1,0,0,US,Desktop,New,Medium,87.05,1,82.84,0,0,0,0
TXN0021996,CUST013698,2026-03-13,Pre,-19,0,0,0,US,Mobile,Existing,Low,28.41,1,104.43,0,0,0,0
TXN0002846,CUST001027,2026-02-06,Pre,-54,0,0,0,MX,Mobile,Existing,High,113.45,1,92.17,0,0,0,0
TXN0067269,CUST014487,2026-05-29,Post,58,1,0,0,BR,Mobile,Existing,High,23.6,1,364.07,1,0,0,0
TXN0065310,CUST025925,2026-05-26,Post,55,1,0,0,MX,Mobile,New,Low,117.82,1,38.46,0,0,0,0
TXN0063793,CUST011639,2026-05-23,Post,52,1,0,0,US,Mobile,New,Medium,140.04,1,26.25,0,0,0,0
TXN0003047,CUST010980,2026-02-06,Pre,-54,0,0,0,BR,Mobile,New,High,13.71,1,152.11,0,0,0,0
TXN0005720,CUST012096,2026-02-11,Pre,-49,0,0,0,US,Mobile,New,Low,113.38,1,39.18,0,0,0,0
TXN0027266,CUST012900,2026-03-23,Pre,-9,0,0,0,US,Mobile,Existing,Low,53.75,1,66.19,0,0,0,0
TXN0062399,CUST007238,2026-05-21,Post,50,1,0,0,MX,Desktop,Existing,Low,82.07,1,53.81,0,0,0,0
TXN0025373,CUST004023,2026-03-19,Pre,-13,0,0,0,US,Mobile,Existing,Medium,69.56,0,129.85,0,0,0,0
TXN0043083,CUST014348,2026-04-20,Post,19,1,0,0,US,Mobile,Existing,Medium,89.05,1,51.69,0,0,0,0
TXN0017560,CUST016003,2026-03-05,Pre,-27,0,0,0,MX,Desktop,Existing,Low,40.86,1,113.97,0,0,0,0
TXN0005285,CUST012144,2026-02-10,Pre,-50,0,0,0,BR,Desktop,New,Low,175.0,1,80.96,0,1,1,0
TXN0019231,CUST020288,2026-03-09,Pre,-23,0,0,0,US,Desktop,Existing,Low,115.66,1,70.96,0,0,0,0
TXN0031597,CUST010087,2026-03-31,Pre,-1,0,0,0,MX,Mobile,Existing,Low,21.15,1,95.73,1,0,0,0
TXN0008512,CUST022931,2026-02-17,Pre,-43,0,0,0,MX,Desktop,Existing,Low,68.17,1,44.7,0,1,0,0
TXN0053850,CUST001179,2026-05-07,Post,36,1,0,1,MX,Mobile,New,Medium,94.91,1,93.05,0,0,1,0
TXN0015506,CUST025730,2026-03-02,Pre,-30,0,0,0,BR,Desktop,New,Low,72.08,1,168.51,0,0,0,0
TXN0011244,CUST017248,2026-02-22,Pre,-38,0,0,0,BR,Mobile,New,High,109.61,1,106.25,0,1,0,1
TXN0060415,CUST002420,2026-05-17,Post,46,1,0,0,US,Desktop,New,Medium,56.25,1,97.84,1,0,0,0
TXN0002698,CUST007456,2026-02-05,Pre,-55,0,0,0,US,Mobile,New,Low,23.32,1,75.98,1,0,1,0
TXN0042944,CUST011295,2026-04-20,Post,19,1,0,0,US,Mobile,New,Low,123.55,1,34.93,0,1,0,0
TXN0024739,CUST000660,2026-03-18,Pre,-14,0,0,0,BR,Desktop,Existing,Medium,42.24,1,57.18,0,0,0,0
TXN0051937,CUST002229,2026-05-05,Post,34,1,0,1,MX,Mobile,New,Low,120.75,1,68.82,0,0,0,0
TXN0045757,CUST019964,2026-04-24,Post,23,1,0,0,BR,Desktop,Existing,Medium,153.96,1,58.11,0,0,0,0
TXN0014525,CUST016776,2026-02-27,Pre,-33,0,0,0,MX,Mobile,New,Low,256.48,1,59.59,0,0,0,0
TXN0003626,CUST013117,2026-02-07,Pre,-53,0,0,0,BR,Mobile,Existing,Low,209.0,0,40.03,0,0,1,0
TXN0051135,CUST001730,2026-05-04,Post,33,1,0,1,US,Mobile,Existing,Low,96.68,1,153.82,0,0,0,0
TXN0015192,CUST003925,2026-03-01,Pre,-31,0,0,0,US,Mobile,Existing,Medium,346.28,0,118.48,1,0,0,0
TXN0015913,CUST004109,2026-03-02,Pre,-30,0,0,0,US,Desktop,Existing,Low,477.55,1,63.72,0,0,0,0
TXN0061543,CUST023339,2026-05-19,Post,48,1,0,0,MX,Mobile,New,Low,72.0,1,105.58,0,0,0,0
TXN0006415,CUST018359,2026-02-12,Pre,-48,0,0,0,MX,Mobile,Existing,Medium,47.6,1,60.67,1,0,0,0
TXN0018965,CUST013039,2026-03-08,Pre,-24,0,0,0,MX,Mobile,Existing,Medium,83.11,0,78.85,1,0,0,0
TXN0032831,CUST004773,2026-04-02,Post,1,1,1,0,US,Desktop,Existing,Medium,69.17,1,136.4,1,0,0,0
TXN0021531,CUST024917,2026-03-12,Pre,-20,0,0,0,US,Mobile,Existing,High,16.26,1,51.69,0,0,0,0
TXN0050438,CUST013785,2026-05-02,Post,31,1,0,0,US,Mobile,Existing,Low,23.15,1,65.52,0,0,0,0
TXN0013814,CUST005044,2026-02-26,Pre,-34,0,0,0,US,Mobile,Existing,Low,75.16,0,114.31,0,0,0,0
TXN0035205,CUST025565,2026-04-06,Post,5,1,1,0,BR,Mobile,Existing,High,101.77,1,148.77,1,1,0,0
TXN0009635,CUST015285,2026-02-19,Pre,-41,0,0,0,BR,Mobile,Existing,Low,156.79,1,41.57,0,0,0,0
TXN0018311,CUST015248,2026-03-07,Pre,-25,0,0,0,MX,Desktop,Existing,Medium,18.35,1,214.93,1,0,0,0
TXN0054177,CUST021435,2026-05-07,Post,36,1,0,1,BR,Desktop,New,Medium,98.59,1,67.26,0,0,0,0
TXN0025215,CUST014675,2026-03-19,Pre,-13,0,0,0,MX,Desktop,Existing,Low,39.21,0,294.98,1,0,0,0
TXN0023958,CUST019350,2026-03-17,Pre,-15,0,0,0,CR,Mobile,Existing,Low,248.53,1,71.22,0,0,0,0
TXN0062477,CUST006348,2026-05-21,Post,50,1,0,0,BR,Mobile,New,Low,48.47,1,75.7,0,0,0,0
TXN0064043,CUST025808,2026-05-23,Post,52,1,0,0,US,Mobile,New,Low,55.94,1,37.02,0,0,0,0
TXN0043137,CUST003398,2026-04-20,Post,19,1,0,0,US,Mobile,Existing,Low,32.22,1,50.37,0,0,1,0
TXN0050100,CUST019038,2026-05-02,Post,31,1,0,0,US,Mobile,New,Medium,6.25,1,37.54,0,1,0,0
TXN0051468,CUST006131,2026-05-04,Post,33,1,0,1,MX,Desktop,Existing,Low,96.2,1,31.59,0,0,0,0
TXN0000853,CUST000277,2026-02-02,Pre,-58,0,0,0,MX,Mobile,Existing,Low,22.13,1,118.02,0,0,0,0
TXN0042626,CUST004315,2026-04-19,Post,18,1,0,0,US,Desktop,Existing,Low,72.8,1,59.92,0,0,0,0
TXN0067611,CUST017375,2026-05-29,Post,58,1,0,0,MX,Mobile,Existing,Medium,82.42,1,87.74,0,0,0,0
TXN0065656,CUST019102,2026-05-26,Post,55,1,0,0,MX,Mobile,Existing,Low,36.41,1,101.5,0,0,0,0
TXN0063103,CUST012889,2026-05-22,Post,51,1,0,0,BR,Desktop,New,Low,132.29,1,34.83,0,0,0,0
TXN0063103,CUST012889,2026-05-22,Post,51,1,0,0,br,Desktop,New,Low,132.29,1,34.83,0,0,0,0
TXN0066889,CUST025871,2026-05-28,Post,57,1,0,0,MX,Mobile,New,Low,47.62,1,43.28,0,0,0,0
TXN0066459,CUST013535,2026-05-27,Post,56,1,0,0,BR,Mobile,Existing,Low,26.49,1,55.71,0,0,0,0
TXN0027081,CUST015781,2026-03-23,Pre,-9,0,0,0,MX,Desktop,New,Medium,69.09,1,34.87,0,0,0,0
TXN0055818,CUST010285,2026-05-10,Post,39,1,0,1,US,Desktop,New,Low,154.93,0,273.69,1,0,0,0
TXN0010034,CUST010167,2026-02-19,Pre,-41,0,0,0,US,Desktop,Existing,Medium,245.66,1,104.18,0,0,0,0
TXN0036863,CUST025354,2026-04-09,Post,8,1,0,0,US,Mobile,New,Low,77.48,1,112.92,0,0,0,0
TXN0014071,CUST000123,2026-02-27,Pre,-33,0,0,0,US,Mobile,New,Low,87.21,0,93.36,0,0,0,0
TXN0003853,CUST005350,2026-02-08,Pre,-52,0,0,0,MX,Mobile,Existing,Medium,34.03,1,356.48,1,0,0,0
TXN0049259,CUST007002,2026-04-30,Post,29,1,0,0,BR,Mobile,Existing,Low,57.42,1,37.59,0,0,0,0
TXN0045516,CUST019907,2026-04-24,Post,23,1,0,0,MX,Desktop,Existing,Medium,14.78,1,150.42,0,1,0,0
TXN0037573,CUST009539,2026-04-10,Post,9,1,0,0,US,Mobile,Existing,Low,173.16,1,36.88,0,0,0,0
TXN0001358,CUST008561,2026-02-03,Pre,-57,0,0,0,CR,Desktop,Existing,Medium,79.86,1,124.41,1,0,0,0
TXN0007451,CUST010235,2026-02-14,Pre,-46,0,0,0,US,Mobile,Existing,Low,121.72,0,31.91,0,0,1,0
TXN0044121,CUST022772,2026-04-22,Post,21,1,0,0,BR,Mobile,New,Medium,34.3,1,112.33,0,0,0,0
TXN0054990,CUST006979,2026-05-08,Post,37,1,0,1,BR,Desktop,Existing,Medium,41.63,1,67.97,0,0,0,0
TXN0052010,CUST022061,2026-05-05,Post,34,1,0,1,US,Mobile,New,Medium,226.19,1,78.2,0,0,0,0
TXN0057183,CUST001250,2026-05-12,Post,41,1,0,0,US,Mobile,Existing,Low,21.15,1,23.46,0,0,0,0
TXN0016443,CUST013097,2026-03-03,Pre,-29,0,0,0,BR,Mobile,Existing,Low,152.9,1,66.19,0,0,0,0
TXN0010584,CUST019950,2026-02-20,Pre,-40,0,0,0,US,Mobile,Existing,Low,89.46,1,245.24,1,0,1,0
TXN0061680,CUST001631,2026-05-19,Post,48,1,0,0,US,Desktop,Existing,High,42.23,1,46.35,0,1,0,0
TXN0065050,CUST014034,2026-05-25,Post,54,1,0,0,US,Mobile,New,Medium,388.31,1,39.28,1,0,0,0
TXN0006878,CUST014129,2026-02-13,Pre,-47,0,0,0,BR,Mobile,Existing,Low,105.13,1,66.53,0,0,0,0
TXN0012870,CUST015877,2026-02-25,Pre,-35,0,0,0,BR,Desktop,New,Low,230.56,1,74.3,0,0,0,0
TXN0067758,CUST017403,2026-05-30,Post,59,1,0,0,US,Desktop,New,High,104.55,1,47.34,0,0,0,0
TXN0002347,CUST004029,2026-02-05,Pre,-55,0,0,0,CR,Mobile,Existing,Medium,32.98,1,82.25,0,0,1,0
TXN0039416,CUST006741,2026-04-14,Post,13,1,0,0,MX,Mobile,Existing,Medium,118.12,1,31.61,1,0,0,0
TXN0037524,CUST014407,2026-04-10,Post,9,1,0,0,US,Mobile,Existing,Low,16.83,0,42.02,0,0,0,0
TXN0014888,CUST002560,2026-02-28,Pre,-32,0,0,0,BR,Mobile,Existing,Medium,43.5,0,143.14,0,0,0,0
TXN0010201,CUST001060,2026-02-20,Pre,-40,0,0,0,MX,Mobile,Existing,Low,175.94,1,32.45,0,0,0,0
TXN0006604,CUST005493,2026-02-13,Pre,-47,0,0,0,BR,Mobile,New,Medium,40.99,1,332.43,1,1,0,0
TXN0014647,CUST009264,2026-02-28,Pre,-32,0,0,0,MX,Desktop,New,Low,39.68,1,58.97,0,0,0,0
TXN0054030,CUST020852,2026-05-07,Post,36,1,0,1,US,Mobile,New,Medium,102.8,1,92.7,1,0,0,0
TXN0005156,CUST015987,2026-02-10,Pre,-50,0,0,0,MX,Mobile,Existing,Medium,70.88,0,71.08,0,0,0,0
TXN0034989,CUST016881,2026-04-06,Post,5,1,1,0,US,Mobile,Existing,Low,99.73,1,35.08,0,0,1,0
TXN0009842,CUST020270,2026-02-19,Pre,-41,0,0,0,US,Desktop,Existing,Medium,49.07,1,136.69,0,0,0,0
TXN0038619,CUST006893,2026-04-12,Post,11,1,0,0,US,Mobile,New,Low,57.92,1,94.97,0,0,0,0
TXN0026152,CUST011092,2026-03-21,Pre,-11,0,0,0,BR,Desktop,New,Low,21.18,1,205.14,0,0,0,0
TXN0052218,CUST022217,2026-05-05,Post,34,1,0,1,US,Mobile,Existing,Low,387.71,1,42.18,0,0,0,0
TXN0015911,CUST018370,2026-03-02,Pre,-30,0,0,0,BR,Desktop,Existing,Medium,154.61,1,62.55,0,0,0,0
TXN0059281,CUST008543,2026-05-15,Post,44,1,0,0,MX,Mobile,New,Low,44.91,1,24.48,0,0,0,0
TXN0061092,CUST007030,2026-05-18,Post,47,1,0,0,CR,Desktop,New,Low,92.52,1,31.68,0,0,0,0
TXN0043456,CUST001339,2026-04-20,Post,19,1,0,0,BR,Desktop,New,Low,104.98,1,30.61,0,0,0,0
TXN0021606,CUST012149,2026-03-13,Pre,-19,0,0,0,CR,Desktop,Existing,Low,119.84,1,90.13,0,0,0,0
TXN0065115,CUST025324,2026-05-25,Post,54,1,0,0,US,Mobile,New,Low,129.48,1,39.26,0,0,0,0
TXN0054334,CUST010679,2026-05-08,Post,37,1,0,1,US,Mobile,New,Low,76.12,1,79.26,0,0,0,0
TXN0010760,CUST017790,2026-02-21,Pre,-39,0,0,0,US,Mobile,New,Low,34.94,1,100.52,0,0,0,0
TXN0041575,CUST004582,2026-04-17,Post,16,1,0,0,US,Mobile,Existing,Low,63.82,1,46.02,0,0,0,0
TXN0050095,CUST000377,2026-05-02,Post,31,1,0,0,BR,Desktop,New,Medium,11.04,1,37.8,0,0,0,0
TXN0030729,CUST002408,2026-03-30,Pre,-2,0,0,0,BR,Desktop,New,Medium,418.61,1,113.57,0,0,0,0
TXN0024621,CUST001417,2026-03-18,Pre,-14,0,0,0,US,Mobile,Existing,Medium,176.44,1,127.81,0,0,0,0
TXN0022706,CUST017353,2026-03-15,Pre,-17,0,0,0,BR,Mobile,New,Low,196.55,1,49.03,0,0,0,0
TXN0034004,CUST024498,2026-04-04,Post,3,1,1,0,BR,Mobile,Existing,Low,40.04,0,50.08,0,0,0,0
TXN0064044,CUST003437,2026-05-23,Post,52,1,0,0,US,Mobile,Existing,Medium,50.54,1,52.84,0,0,0,0
TXN0007342,CUST015943,2026-02-14,Pre,-46,0,0,0,US,Mobile,Existing,Low,114.8,1,100.5,1,0,0,0
TXN0000955,CUST021514,2026-02-02,Pre,-58,0,0,0,MX,Desktop,New,Low,38.9,1,44.09,0,0,0,0
TXN0034581,CUST009366,2026-04-05,Post,4,1,1,0,CR,Mobile,New,Medium,164.65,0,88.58,1,0,0,0
TXN0036718,CUST002226,2026-04-09,Post,8,1,0,0,BR,Mobile,Existing,Medium,43.3,1,39.32,0,0,0,0
TXN0005127,CUST011532,2026-02-10,Pre,-50,0,0,0,CR,Mobile,Existing,Low,288.16,1,61.92,0,0,0,0
TXN0054807,CUST000141,2026-05-08,Post,37,1,0,1,CR,Mobile,Existing,Low,61.64,1,62.22,0,0,0,0
TXN0050634,CUST025746,2026-05-03,Post,32,1,0,0,MX,Mobile,New,Low,96.13,1,43.13,0,0,0,0
TXN0001098,CUST001150,2026-02-03,Pre,-57,0,0,0,MX,Mobile,Existing,High,218.95,1,248.04,0,0,0,0
TXN0036494,CUST016236,2026-04-08,Post,7,1,0,0,MX,Mobile,New,High,41.16,1,144.9,1,0,0,0
TXN0044703,CUST019260,2026-04-23,Post,22,1,0,0,BR,Mobile,Existing,Low,142.48,1,46.39,0,0,0,0
TXN0037595,CUST013188,2026-04-10,Post,9,1,0,0,BR,Desktop,Existing,Medium,148.62,1,40.49,0,0,0,0
TXN0045753,CUST010358,2026-04-24,Post,23,1,0,0,BR,Mobile,Existing,Low,47.68,1,19.32,0,0,1,0
TXN0053208,CUST015097,2026-05-06,Post,35,1,0,1,MX,Mobile,New,High,169.36,1,105.26,1,0,0,0
TXN0058893,CUST018854,2026-05-14,Post,43,1,0,0,US,Desktop,Existing,Medium,37.21,1,164.21,1,0,0,0
TXN0007676,CUST011303,2026-02-15,Pre,-45,0,0,0,MX,Desktop,New,Low,122.92,1,107.56,0,0,1,0
TXN0005720,CUST012096,2026-02-11,Pre,-49,0,0,0,US,Mobile,New,Low,113.38,1,39.18,0,0,0,0
TXN0036527,CUST023984,2026-04-08,Post,7,1,0,0,MX,Mobile,Existing,Medium,33.21,1,111.21,1,0,0,0
TXN0030941,CUST012994,2026-03-30,Pre,-2,0,0,0,mx,Mobile,New,Low,401.67,1,70.92,0,0,0,0
